scraped_date,publish_date,title,company,location,contract_type,education_level,experience_level,key_skills,sector,offer_url,source,min_exp,max_exp,min_education,education_rank,latitude,longitude,coordinates
2026-05-08,2026-05-08,Chauffeur Humanitaire,NOMAD AID,Dakar,CDI,"Qualification avant bac, Bac, Bac+1, Bac+2, Bac+3, Bac+4 & Bac+5 et plus","Etudiant, jeune diplômé et plus",Transport,Activités associatives,https://www.emploisenegal.com/offre-emploi-senegal/chauffeur-humanitaire-dakar-1566752,EmploiSénégal,0,1,Avant Bac,0,14.7167,-17.4677,"[14.7167, -17.4677]"
2026-05-08,2026-04-07,Chef D’Équipe / Expert Principal International,CPHDA,Dakar,CDD,Bac+5 et plus,Expérience > 10 ans,N/A,Activités associatives,https://www.emploisenegal.com/offre-emploi-senegal/cheffe-equipe-experte-principale-internationale-mauritanie-senegal-mali-guinee,EmploiSénégal,10,15,Bac+5,6,14.7167,-17.4677,"[14.7167, -17.4677]"
2026-05-08,2026-03-26,Commercial Terrain Et Partenariats,NETVOX,Dakar,CDI,"Bac, Bac+1, Bac+2, Bac+3, Bac+4 & Bac+5 et plus",Débutant < 2 ans et plus,"Communication, Développement Commercial, Marketing, Prospection, Vente",Activités associatives,https://www.emploisenegal.com/offre-emploi-senegal/commerciale-terrain-partenariats-secteur-sport-hf-dakar-1545137,EmploiSénégal,0,2,Bac,1,14.7167,-17.4677,"[14.7167, -17.4677]"
2026-05-08,2026-03-31,Assistante De Direction,MOYA TALENT,Étranger,CDI,"Bac, Bac+1, Bac+2, Bac+3, Bac+4 & Bac+5 et plus","Etudiant, jeune diplômé et plus","Assistanat, Finance, Gestion",Administration publique,https://www.emploisenegal.com/offre-emploi-senegal/assistante-direction-teletravail-1546876,EmploiSénégal,0,1,Bac,1,0.0,0.0,"[0, 0]"
2026-05-08,2026-04-30,Chef De Culture Légumière,AFRICAWORK,Dakar,CDD,"Bac+2, Bac+3, Bac+4 - Bac+5 et plus",Expérience entre 5 ans et 10 ans - Expérience > 10 ans,"Exploitation, Fertigation, Fertilisation, Irrigation, Maintenance, Production, Qualité, Sécurité Alimentaire","Agriculture, pêche, aquaculture",https://www.emploisenegal.com/offre-emploi-senegal/chef-culture-legumiere-keur-momar-sarr-1561741,EmploiSénégal,5,10,Bac+2,3,14.7167,-17.4677,"[14.7167, -17.4677]"
2026-05-08,2026-04-27,Cuisinier,MANDARINE DAKAR,Dakar,CDD,"Qualification avant bac, Bac, Bac+1, Bac+2, Bac+3, Bac+4 & Bac+5 et plus",Débutant < 2 ans et plus,"Cuisine, Cuisine Internationale, Hygiène, Maintenance, Normes de Qualité, Production, Qualité, Sécurité, Sécurité Alimentaire, Tourisme","Agriculture, pêche, aquaculture",https://www.emploisenegal.com/offre-emploi-senegal/cuisiniere-yenne-pres-toubab-dialaw-1564382,EmploiSénégal,0,2,Avant Bac,0,14.7167,-17.4677,"[14.7167, -17.4677]"
2026-05-08,2026-04-09,Responsable D´Exploitation,ATLANTIC MARICULTURE,Dakar,CDI,Bac+4 & Bac+5 et plus,Expérience entre 5 ans et 10 ans & Expérience > 10 ans,"Agroalimentaire, Amélioration Continue, Aquaculture, BPF, Exploitation, Extrusion, Fabrication, Génie Industriel, Gestion de la Production, Gestion de la Qualité, Hygiène, Maintenance, Maintenance Préventive, Management de Production, Normes de Qualité, Procédés, Process, Production, Qualité","Agriculture, pêche, aquaculture",https://www.emploisenegal.com/offre-emploi-senegal/responsable-exploitation-bokhol-departement-dagana-senegal-1554141,EmploiSénégal,5,10,Bac+4,5,14.7167,-17.4677,"[14.7167, -17.4677]"
2026-05-08,2026-04-01,Jardinier,BAIMA,Dakar,Freelance,Bac+2,Expérience entre 2 ans et 5 ans,"Maintenance, Production, Qualité","Agriculture, pêche, aquaculture",https://www.emploisenegal.com/offre-emploi-senegal/jardinier-dakar-mermoz-1549006,EmploiSénégal,2,5,Bac+2,3,14.7167,-17.4677,"[14.7167, -17.4677]"
2026-05-08,2026-03-18,Commercial De Terrain,HELLO CENTER,Thiès,Temps partiel,"Bac, Bac+1, Bac+2, Bac+3, Bac+4 & Bac+5 et plus",Débutant < 2 ans et plus,"Prospection, Prospection Client, Prospection Commerciale, Vente","Agriculture, pêche, aquaculture",https://www.emploisenegal.com/offre-emploi-senegal/commercial-terrain-mbour-1540296,EmploiSénégal,0,2,Bac,1,14.7833,-16.9167,"[14.7833, -16.9167]"
2026-05-08,2026-03-18,Commercial De Terrain,HELLO CENTER,Dakar,Temps partiel,"Bac+2, Bac+3, Bac+4 & Bac+5 et plus",Débutant < 2 ans & Expérience entre 2 ans et 5 ans,"Prospection, Prospection Client, Prospection Commerciale, Vente","Agriculture, pêche, aquaculture",https://www.emploisenegal.com/offre-emploi-senegal/commercial-terrain-dakar-1540286,EmploiSénégal,0,2,Bac+2,3,14.7167,-17.4677,"[14.7167, -17.4677]"
2026-05-08,2026-03-13,Directeur Général,VETOSENEGAL,Dakar,CDI,Bac+4 & Bac+5 et plus,Expérience entre 2 ans et 5 ans et plus,"Account Management, Développement du Produit, Gestion, Gestion Commerciale, Gestion d'Équipe, Gestion Stratégique, Leadership, Management, Négociation, Stratégie, Stratégie Commerciale, Vente","Agriculture, pêche, aquaculture",https://www.emploisenegal.com/offre-emploi-senegal/directeur-general-rufisque-1491316,EmploiSénégal,2,5,Bac+4,5,14.7167,-17.4677,"[14.7167, -17.4677]"
2026-05-08,2026-03-13,Commercial,VETOSENEGAL,Dakar,CDI,"Bac+3, Bac+4 & Bac+5 et plus","Etudiant, jeune diplômé et plus","Communication, Comptabilité, Finance, Gestion, Marketing, Vente","Agriculture, pêche, aquaculture",https://www.emploisenegal.com/offre-emploi-senegal/commercial-rufisque-1491325,EmploiSénégal,0,1,Bac+3,4,14.7167,-17.4677,"[14.7167, -17.4677]"
2026-05-08,2026-03-10,Éleveur Polyvalent,MANDARINE DAKAR,Dakar,CDD,"Qualification avant bac, Bac, Bac+1, Bac+2, Bac+3, Bac+4 & Bac+5 et plus","Etudiant, jeune diplômé et plus","Agriculture, Maintenance, Production, Qualité, Tourisme","Agriculture, pêche, aquaculture",https://www.emploisenegal.com/offre-emploi-senegal/eleveur-polyvalent-yenne-1534953,EmploiSénégal,0,1,Avant Bac,0,14.7167,-17.4677,"[14.7167, -17.4677]"
2026-05-08,2026-05-08,Responsable Commercial,AFRIKA LEYRI,Dakar,CDD,"Bac+2, Bac+3, Bac+4 & Bac+5 et plus",Expérience entre 2 ans et 5 ans et plus,"Développement Commercial, Gestion Commerciale, Gestion de Portefeuille, Gestion d'Équipe, Négociation, Stratégie Commerciale, Vente",Agroalimentaire,https://www.emploisenegal.com/offre-emploi-senegal/responsable-commercial-dakar-1571983,EmploiSénégal,2,5,Bac+2,3,14.7167,-17.4677,"[14.7167, -17.4677]"
2026-05-08,2026-05-08,Comptable Gestion De Stock,AFRIKA LEYRI,Dakar,CDD,"Bac+2, Bac+3, Bac+4 & Bac+5 et plus",Expérience entre 2 ans et 5 ans et plus,"Comptabilité, Finance, Gestion, Gestion des Inventaires, Inventaire, Processus de Gestion, Techniques de Gestion",Agroalimentaire,https://www.emploisenegal.com/offre-emploi-senegal/comptable-gestion-stock-dakar-1571980,EmploiSénégal,2,5,Bac+2,3,14.7167,-17.4677,"[14.7167, -17.4677]"
2026-05-08,2026-05-05,Conducteur De Ligne D´Extrusion,COMPLEXE AGRO INDUSTRIEL DE TOUBA,Diourbel,CDD,Bac+2,Expérience entre 2 ans et 5 ans & Expérience entre 5 ans et 10 ans,"Machines, Maintenance, Production, PVC, Qualité",Agroalimentaire,https://www.emploisenegal.com/offre-emploi-senegal/conducteur-ligne-extrusion-touba-1567738,EmploiSénégal,2,5,Bac+2,3,14.65,-16.2333,"[14.65, -16.2333]"
2026-05-08,2026-05-05,Commercial Caissier,BOUTIQUE ESPACE VIANDE,Dakar,Stage,"Bac, Bac+1, Bac+2 & Bac+3",Débutant < 2 ans,"Comptabilité, Finance, Gestion, Gestion Commerciale, Gestion de la Clientèle, Vente",Agroalimentaire,https://www.emploisenegal.com/offre-emploi-senegal/commercial-caissier-dakar-1567375,EmploiSénégal,0,2,Bac,1,14.7167,-17.4677,"[14.7167, -17.4677]"
2026-05-08,2026-04-20,National Sales Manager (Fmcg),OPTISTAFF,Dakar,CDI,Bac+5 et plus,Expérience entre 5 ans et 10 ans & Expérience > 10 ans,"Développement Commercial, Gestion d'Équipe, Négociation, Stratégie Commerciale, Techniques de Vente, Vente",Agroalimentaire,https://www.emploisenegal.com/offre-emploi-senegal/national-sales-manager-fmcg-dakar-1560253,EmploiSénégal,5,10,Bac+5,6,14.7167,-17.4677,"[14.7167, -17.4677]"
2026-05-08,2026-04-17,Commercial Marketing,AFRIOCEAN SARL,Dakar,CDD,"Bac+2, Bac+3, Bac+4 & Bac+5 et plus",Expérience entre 2 ans et 5 ans,"Merchandising, Négociation, Suivi des Clients, Vente",Agroalimentaire,https://www.emploisenegal.com/offre-emploi-senegal/commercial-marketing-diamniadio-1558462,EmploiSénégal,2,5,Bac+2,3,14.7167,-17.4677,"[14.7167, -17.4677]"
2026-05-08,2026-04-13,Commercial Terrain,CAFE TOUBA CHOUKRAN,Dakar,CDI,"Qualification avant bac, Bac, Bac+1, Bac+2, Bac+3, Bac+4 & Bac+5 et plus","Etudiant, jeune diplômé et plus","Négociation, Vente",Agroalimentaire,https://www.emploisenegal.com/offre-emploi-senegal/commercial-terrain-vente-cafe-liquide-pikine-1555924,EmploiSénégal,0,1,Avant Bac,0,14.7167,-17.4677,"[14.7167, -17.4677]"
2026-05-08,2026-04-06,Ingénieur Agricole,TC2I,Fatick,Stage,"Qualification avant bac, Bac, Bac+1, Bac+2, Bac+3, Bac+4 & Bac+5 et plus","Etudiant, jeune diplômé et plus","Agriculture, Agronomie, Maintenance, Production, Qualité",Agroalimentaire,https://www.emploisenegal.com/offre-emploi-senegal/ingenieur-agricole-hf-mbour-1551035,EmploiSénégal,0,1,Avant Bac,0,14.3333,-16.4,"[14.3333, -16.4]"
2026-05-08,2026-03-25,Merchandiser Terrain,MAROCC-FOOD SARL,Dakar,CDD,"Bac+2, Bac+3, Bac+4 & Bac+5 et plus",Débutant < 2 ans et plus,"Communication, Marketing, Merchandising",Agroalimentaire,https://www.emploisenegal.com/offre-emploi-senegal/merchandiser-terrain-dakar-1542923,EmploiSénégal,0,2,Bac+2,3,14.7167,-17.4677,"[14.7167, -17.4677]"
2026-05-08,2026-03-19,Merchandiser,MAROCC-FOOD SARL,Dakar,CDD,"Bac+2, Bac+3, Bac+4 & Bac+5 et plus",Débutant < 2 ans et plus,"Communication, Marketing, Merchandising, Vente",Agroalimentaire,https://www.emploisenegal.com/offre-emploi-senegal/merchandiser-dakar-1539999,EmploiSénégal,0,2,Bac+2,3,14.7167,-17.4677,"[14.7167, -17.4677]"
2026-05-08,2026-04-02,Commercial,HARMONIS,Dakar,CDD,"Qualification avant bac, Bac, Bac+1, Bac+2, Bac+3, Bac+4 & Bac+5 et plus",Débutant < 2 ans et plus,"Animation des Ventes, Communication, Comptabilité, Développement Commercial, Finance, Gestion, Gestion de la Force de Vente, Gestion des Ventes, Marketing, Marketing Commercial, Prospection, Vente","Ameublement, décoration",https://www.emploisenegal.com/offre-emploi-senegal/commercial-dakar-1549580,EmploiSénégal,0,2,Avant Bac,0,14.7167,-17.4677,"[14.7167, -17.4677]"
2026-05-08,2026-03-13,Vendeur(Euse),QUEEN SHOES,Dakar,Statutaire,Qualification avant bac & Bac,Expérience entre 2 ans et 5 ans,"Finance, Gestion, Inventaire, Vente","Ameublement, décoration",https://www.emploisenegal.com/offre-emploi-senegal/vendeureuse-dakar-1492931,EmploiSénégal,2,5,Avant Bac,0,14.7167,-17.4677,"[14.7167, -17.4677]"
2026-05-08,2026-05-06,Business Developer (Vente Téléphonique),WEBTEL,Dakar,CDD,"Bac+2, Bac+3, Bac+4 & Bac+5 et plus",Expérience entre 2 ans et 5 ans et plus,"Communication, CRM, Marketing, Proposition Commerciale, Prospection, Prospection Téléphonique, Télémarketing, Vente","Automobile, matériels de transport, réparation",https://www.emploisenegal.com/offre-emploi-senegal/business-developer-vente-telephonique-dakar-1569342,EmploiSénégal,2,5,Bac+2,3,14.7167,-17.4677,"[14.7167, -17.4677]"
2026-05-08,2026-05-04,Interprète Chinois,MBS,Dakar,CDI,"Bac+3, Bac+4 & Bac+5 et plus",Expérience entre 2 ans et 5 ans et plus,"Traduction, Transport","Automobile, matériels de transport, réparation",https://www.emploisenegal.com/offre-emploi-senegal/interprete-chinois-dakar-1562274,EmploiSénégal,2,5,Bac+3,4,14.7167,-17.4677,"[14.7167, -17.4677]"
2026-05-08,2026-04-30,New And Used Car Sales Manager,DONGBOOK,Dakar,CDI,"Bac, Bac+1, Bac+2, Bac+3, Bac+4 & Bac+5 et plus",Expérience entre 2 ans et 5 ans et plus,"Analyse de Marché, Communication, Gestion Commerciale, Marketing, Négociation, Prospection, Techniques de Vente, Transport, Vente","Automobile, matériels de transport, réparation",https://www.emploisenegal.com/offre-emploi-senegal/new-used-car-sales-manager-dakar-1565378,EmploiSénégal,2,5,Bac,1,14.7167,-17.4677,"[14.7167, -17.4677]"
2026-05-08,2026-04-16,Commercial Vente,WEBTEL,Dakar,CDI,"Bac+2, Bac+3, Bac+4 & Bac+5 et plus",Expérience entre 2 ans et 5 ans et plus,"Communication, Marketing, Négociation, Télémarketing, Vente","Automobile, matériels de transport, réparation",https://www.emploisenegal.com/offre-emploi-senegal/commerciale-vente-leasing-automobile-loa-lld-dakar-1558277,EmploiSénégal,2,5,Bac+2,3,14.7167,-17.4677,"[14.7167, -17.4677]"
2026-05-08,2026-04-10,Responsable Des Ventes Et Services Vtc Bilingue (Fr-Ang),SINOTEC,Dakar,CDI,"Bac+3, Bac+4 & Bac+5 et plus",Expérience entre 2 ans et 5 ans et plus,"Communication, CRM, Développement Commercial, Gestion des Ventes, Marketing, Négociation, Stratégie Commerciale, Techniques de Vente, Transport, Vente","Automobile, matériels de transport, réparation",https://www.emploisenegal.com/offre-emploi-senegal/responsable-ventes-services-vtc-bilingue-fr-ang-dakar-1554117,EmploiSénégal,2,5,Bac+3,4,14.7167,-17.4677,"[14.7167, -17.4677]"
2026-05-08,2026-04-06,Chauffeur Privé / Familial,GTI (Groupe Touba Industrie),Thiès,CDI,"Qualification avant bac, Bac, Bac+1, Bac+2, Bac+3, Bac+4 & Bac+5 et plus",Expérience entre 2 ans et 5 ans et plus,"Assistanat, Hôtellerie, Restauration, Secrétariat","Automobile, matériels de transport, réparation",https://www.emploisenegal.com/offre-emploi-senegal/chauffeur-prive-familial-thies-1550937,EmploiSénégal,2,5,Avant Bac,0,14.7833,-16.9167,"[14.7833, -16.9167]"
2026-05-08,2026-04-03,Responsable Des Ventes De Véhicules Et Partenaires Transport (Fr/Ang),MBS,Dakar,CDI,"Bac+3, Bac+4 & Bac+5 et plus",Expérience entre 5 ans et 10 ans & Expérience > 10 ans,"CRM, Développement Commercial, Gestion des Ventes, Négociation, Stratégie Commerciale, Techniques de Vente, Vente","Automobile, matériels de transport, réparation",https://www.emploisenegal.com/offre-emploi-senegal/responsable-ventes-vehicules-partenaires-transport-frang-dakar-1550105,EmploiSénégal,5,10,Bac+3,4,14.7167,-17.4677,"[14.7167, -17.4677]"
2026-05-08,2026-04-02,Chauffeur,URBAN CARS SN SAS,Dakar,Freelance,"Qualification avant bac, Bac, Bac+1, Bac+2, Bac+3, Bac+4 & Bac+5 et plus","Etudiant, jeune diplômé et plus",N/A,"Automobile, matériels de transport, réparation",https://www.emploisenegal.com/offre-emploi-senegal/chauffeur-dakar-1549047,EmploiSénégal,0,1,Avant Bac,0,14.7167,-17.4677,"[14.7167, -17.4677]"
2026-05-08,2026-03-31,Technico-Commercial Pièce De Rechange B2B,AYSAD INDUSTRIES,Dakar,CDD,"Qualification avant bac, Bac, Bac+1, Bac+2, Bac+3, Bac+4 & Bac+5 et plus","Etudiant, jeune diplômé et plus","Communication, CRM, Facturation, Marketing, Prospection, Prospection Terrain, SEO, Techniques de Vente, Vente","Automobile, matériels de transport, réparation",https://www.emploisenegal.com/offre-emploi-senegal/technico-commercial-piece-rechange-b2b-dakar-1547391,EmploiSénégal,0,1,Avant Bac,0,14.7167,-17.4677,"[14.7167, -17.4677]"
2026-05-08,2026-03-27,Chauffeur-Livreur Polyvalent (Voiture Et Moto),AYSAD INDUSTRIES,Dakar,CDD,"Qualification avant bac, Bac, Bac+1, Bac+2, Bac+3, Bac+4 & Bac+5 et plus","Etudiant, jeune diplômé et plus",N/A,"Automobile, matériels de transport, réparation",https://www.emploisenegal.com/offre-emploi-senegal/chauffeur-livreur-polyvalent-voiture-moto-dakar-1545835,EmploiSénégal,0,1,Avant Bac,0,14.7167,-17.4677,"[14.7167, -17.4677]"
2026-05-08,2026-03-26,Chauffeur Yango,GOCAB,Dakar,Temps partiel,"Qualification avant bac, Bac, Bac+1, Bac+2, Bac+3, Bac+4 & Bac+5 et plus","Etudiant, jeune diplômé et plus",N/A,"Automobile, matériels de transport, réparation",https://www.emploisenegal.com/offre-emploi-senegal/chauffeur-yango-dakar-1541041,EmploiSénégal,0,1,Avant Bac,0,14.7167,-17.4677,"[14.7167, -17.4677]"
2026-05-08,2026-03-25,Commercial Vente Indirecte,WEBTEL,Dakar,CDI,"Bac, Bac+1, Bac+2, Bac+3, Bac+4 & Bac+5 et plus",Débutant < 2 ans et plus,"Prospection, Suivi Commercial, Vente","Automobile, matériels de transport, réparation",https://www.emploisenegal.com/offre-emploi-senegal/commercial-vente-indirecte-leasing-hf-dakar-1544451,EmploiSénégal,0,2,Bac,1,14.7167,-17.4677,"[14.7167, -17.4677]"
2026-05-08,2026-03-19,Responsable Marketing Et Marque Bilingue (Français-Anglais),MBS,Dakar,CDI,Bac+5 et plus,Expérience entre 5 ans et 10 ans & Expérience > 10 ans,"Communication, Marketing, Médias, Promotion Marketing, Publicité, Transport, Vente","Automobile, matériels de transport, réparation",https://www.emploisenegal.com/offre-emploi-senegal/responsable-marketing-marque-bilingue-francais-anglais-dakar-1540906,EmploiSénégal,5,10,Bac+5,6,14.7167,-17.4677,"[14.7167, -17.4677]"
2026-05-08,2026-03-19,Technicien Installateur,TRACKING AFRICA,Dakar,Stage,Bac,"Etudiant, jeune diplômé",N/A,"Automobile, matériels de transport, réparation",https://www.emploisenegal.com/offre-emploi-senegal/technicien-installateur-dakar-1540833,EmploiSénégal,0,1,Bac,1,14.7167,-17.4677,"[14.7167, -17.4677]"
2026-05-08,2026-03-12,Sales Executive / Manager,SUPERFINE INTERNATIONAL,Dakar,CDI,"Qualification avant bac, Bac, Bac+1, Bac+2, Bac+3, Bac+4 & Bac+5 et plus","Etudiant, jeune diplômé et plus","Communication, CRM, Marketing, Tracking","Automobile, matériels de transport, réparation",https://www.emploisenegal.com/offre-emploi-senegal/sales-executive-manager-dakar-1494637,EmploiSénégal,0,1,Avant Bac,0,14.7167,-17.4677,"[14.7167, -17.4677]"
2026-05-08,2026-05-07,Designer Graphique,INSTAHR,Dakar,CDI,Bac+3,Expérience entre 2 ans et 5 ans,"Design, Publicité","Banque, assurance, finances",https://www.emploisenegal.com/offre-emploi-senegal/designer-graphique-creatifs-publicitaires-dakar-1571210,EmploiSénégal,2,5,Bac+3,4,14.7167,-17.4677,"[14.7167, -17.4677]"
2026-05-08,2026-05-05,Media Buyer,INSTAHR,Dakar,CDI,"Bac+3, Bac+4 & Bac+5 et plus",Expérience entre 2 ans et 5 ans,"Communication, Marketing, Publicité","Banque, assurance, finances",https://www.emploisenegal.com/offre-emploi-senegal/media-buyer-publicite-meta-facebookinstagram-dakar-1569276,EmploiSénégal,2,5,Bac+3,4,14.7167,-17.4677,"[14.7167, -17.4677]"
2026-05-08,2026-03-12,Gestionnaire De Fonds Commun De Placement,BAOBAB ASSET MANAGEMENT,Dakar,CDI,Bac+4 & Bac+5 et plus,Expérience entre 2 ans et 5 ans et plus,"Asset Management, Comptabilité, Finance, Gestion, Gestion des Investissements, Gestion des Risques, Instruments Financiers, Investissement","Banque, assurance, finances",https://www.emploisenegal.com/offre-emploi-senegal/gestionnaire-fonds-commun-placement-dakar-1536648,EmploiSénégal,2,5,Bac+4,5,14.7167,-17.4677,"[14.7167, -17.4677]"
2026-05-08,2026-03-11,Directeur Général,AFRICAWORK,Dakar,CDI,"Bac+3, Bac+4 - Bac+5 et plus",Expérience entre 5 ans et 10 ans - Expérience > 10 ans,"Gestion, Gouvernance, Leadership, Management, Stratégie","Banque, assurance, finances",https://www.emploisenegal.com/offre-emploi-senegal/directeur-general-rdc-1535117,EmploiSénégal,5,10,Bac+3,4,14.7167,-17.4677,"[14.7167, -17.4677]"
2026-05-08,2026-05-06,Plaquiste,SOCIÉTÉ DE PROMOTION ET DE CONSTRUCTION,Dakar,CDD,"Qualification avant bac, Bac, Bac+1, Bac+2, Bac+3, Bac+4 & Bac+5 et plus",Débutant < 2 ans et plus,BTP,"BTP, construction",https://www.emploisenegal.com/offre-emploi-senegal/plaquiste-rufisque-1570971,EmploiSénégal,0,2,Avant Bac,0,14.7167,-17.4677,"[14.7167, -17.4677]"
2026-05-08,2026-05-05,Magasinier(Ère),CECGB,Étranger,CDI,"Qualification avant bac, Bac, Bac+1, Bac+2, Bac+3, Bac+4 & Bac+5 et plus","Etudiant, jeune diplômé et plus",N/A,"BTP, construction",https://www.emploisenegal.com/offre-emploi-senegal/magasinierere-international-1567350,EmploiSénégal,0,1,Avant Bac,0,0.0,0.0,"[0, 0]"
2026-05-08,2026-05-05,Comptable Confirmée (Btp),FALLEN GROUP,Dakar,CDI,Bac+4 & Bac+5 et plus,Expérience entre 2 ans et 5 ans et plus,"Comptabilité, Finance, Gestion","BTP, construction",https://www.emploisenegal.com/offre-emploi-senegal/comptable-confirmee-btp-dakar-1566830,EmploiSénégal,2,5,Bac+4,5,14.7167,-17.4677,"[14.7167, -17.4677]"
2026-05-08,2026-04-08,Stagiaire Comptable,SOCIÉTÉ DE PROMOTION ET DE CONSTRUCTION,Dakar,Stage,"Bac+3, Bac+4 & Bac+5 et plus",Débutant < 2 ans & Expérience entre 2 ans et 5 ans,"Comptabilité, Comptabilité Générale, Finance, Gestion","BTP, construction",https://www.emploisenegal.com/offre-emploi-senegal/stagiaire-comptable-dakar-1553316,EmploiSénégal,0,2,Bac+3,4,14.7167,-17.4677,"[14.7167, -17.4677]"
2026-05-08,2026-04-06,Ingénieur Génie Civil,MBS,Dakar,CDI,Bac+4 & Bac+5 et plus,Expérience entre 5 ans et 10 ans & Expérience > 10 ans,"AUTOCAD, Conception AUTOCAD","BTP, construction",https://www.emploisenegal.com/offre-emploi-senegal/ingenieur-genie-civil-dakar-1550608,EmploiSénégal,5,10,Bac+4,5,14.7167,-17.4677,"[14.7167, -17.4677]"
2026-05-08,2026-04-06,Chargée De Marketing Digital,CCB,Dakar,CDD,"Bac+3, Bac+4 & Bac+5 et plus","Etudiant, jeune diplômé et plus","Communication, Marketing, Marketing Digital","BTP, construction",https://www.emploisenegal.com/offre-emploi-senegal/chargee-marketing-digital-dakar-1550583,EmploiSénégal,0,1,Bac+3,4,14.7167,-17.4677,"[14.7167, -17.4677]"
2026-05-08,2026-03-27,Apporteur D’Affaires Btp,BÂTI CORPORATE,Dakar,Freelance,"Qualification avant bac, Bac, Bac+1, Bac+2, Bac+3, Bac+4 & Bac+5 et plus","Etudiant, jeune diplômé et plus","BTP, Domaine du BTP","BTP, construction",https://www.emploisenegal.com/offre-emploi-senegal/apporteur-affaires-btp-dakar-1275551,EmploiSénégal,0,1,Avant Bac,0,14.7167,-17.4677,"[14.7167, -17.4677]"
2026-05-08,2026-03-24,Ingénieur Génie Civil,CABINET INNOV'ACTIONS,Dakar,CDI,Bac+5 et plus,Expérience entre 5 ans et 10 ans & Expérience > 10 ans,N/A,"BTP, construction",https://www.emploisenegal.com/offre-emploi-senegal/ingenieure-genie-civil-dakar-1541392,EmploiSénégal,5,10,Bac+5,6,14.7167,-17.4677,"[14.7167, -17.4677]"
2026-05-08,2026-03-24,Assistante De Direction,CABINET INNOV'ACTIONS,Dakar,CDI,"Bac+3, Bac+4 & Bac+5 et plus",Expérience entre 2 ans et 5 ans et plus,"Assistanat, Dossiers, Dossiers Administratifs, Gestion Administrative, POWERPOINT, Secrétariat, Suivi des Dossiers, WORD","BTP, construction",https://www.emploisenegal.com/offre-emploi-senegal/assistante-direction-dakar-1541399,EmploiSénégal,2,5,Bac+3,4,14.7167,-17.4677,"[14.7167, -17.4677]"
2026-05-08,2026-03-19,Contrôleur De Gestion Senior,AFRIKA LEYRI,Dakar,CDI,Bac+5 et plus,Expérience entre 5 ans et 10 ans & Expérience > 10 ans,"Comptabilité, Finance, Gestion","BTP, construction",https://www.emploisenegal.com/offre-emploi-senegal/controleur-gestion-senior-dakar-1540422,EmploiSénégal,5,10,Bac+5,6,14.7167,-17.4677,"[14.7167, -17.4677]"
2026-05-08,2026-03-10,Représentant Commercial (Sur Commission),EUROBEND,Dakar,Temps partiel,"Bac, Bac+1, Bac+2, Bac+3, Bac+4 & Bac+5 et plus",Expérience entre 5 ans et 10 ans & Expérience > 10 ans,"Développement Commercial, Prospection, Vente","BTP, construction",https://www.emploisenegal.com/offre-emploi-senegal/representant-commercial-sur-commission-dakar-1533254,EmploiSénégal,5,10,Bac,1,14.7167,-17.4677,"[14.7167, -17.4677]"
2026-05-08,2026-05-08,Télévendeur(Euse),GROUPE TALISO,Dakar,CDD,"Bac, Bac+1, Bac+2, Bac+3, Bac+4 & Bac+5 et plus",Débutant < 2 ans et plus,"Actions Commerciales, Audit de la Communication, Gestion de la Force de Vente, Gestion des Ventes, Télévente, Vente","Centres d´appel, hotline, call center",https://www.emploisenegal.com/offre-emploi-senegal/televendeureuse-dakar-1572440,EmploiSénégal,0,2,Bac,1,14.7167,-17.4677,"[14.7167, -17.4677]"
2026-05-08,2026-05-07,Commercial,RIRI,Dakar,CDI,Bac & Bac+1,Expérience entre 2 ans et 5 ans,"Communication, Marketing des Ventes, Négociation, Service Clients, Vente","Centres d´appel, hotline, call center",https://www.emploisenegal.com/offre-emploi-senegal/commercial-dakar-1569923,EmploiSénégal,2,5,Bac,1,14.7167,-17.4677,"[14.7167, -17.4677]"
2026-05-08,2026-05-06,Aide Comptable,NETVOX,Dakar,CDI,"Bac+2, Bac+3, Bac+4 & Bac+5 et plus",Débutant < 2 ans et plus,"Banque, Comptabilité, Comptabilité Générale, Facturation, Finance, Formation, Gestion, Gestion de la Trésorerie, Suivi Budgétaire, Suivi Financier, Trésorerie","Centres d´appel, hotline, call center",https://www.emploisenegal.com/offre-emploi-senegal/aide-comptable-hf-dakar-1569404,EmploiSénégal,0,2,Bac+2,3,14.7167,-17.4677,"[14.7167, -17.4677]"
2026-05-08,2026-04-30,Rédacteur Web Et Contenu Ia,WEBTEL,Dakar,Stage,"Qualification avant bac, Bac, Bac+1, Bac+2, Bac+3, Bac+4 & Bac+5 et plus","Etudiant, jeune diplômé et plus","GEMINI, Newsletters, Rédaction","Centres d´appel, hotline, call center",https://www.emploisenegal.com/offre-emploi-senegal/redacteur-web-contenu-ia-dakar-1566474,EmploiSénégal,0,1,Avant Bac,0,14.7167,-17.4677,"[14.7167, -17.4677]"
2026-05-08,2026-04-29,Téléconseiller,MILLENIUM PHONING GROUP,Dakar,Statutaire,"Qualification avant bac, Bac, Bac+1, Bac+2, Bac+3, Bac+4 & Bac+5 et plus","Etudiant, jeune diplômé et plus","Communication, Gestion d'Équipe, Vente","Centres d´appel, hotline, call center",https://www.emploisenegal.com/offre-emploi-senegal/teleconseillere-yoff-1566163,EmploiSénégal,0,1,Avant Bac,0,14.7167,-17.4677,"[14.7167, -17.4677]"
2026-05-08,2026-04-28,Informaticien,MILLENIUM PHONING GROUP,Dakar,Statutaire,"Bac+3, Bac+4 & Bac+5 et plus",Expérience entre 5 ans et 10 ans & Expérience > 10 ans,Formation en Informatique,"Centres d´appel, hotline, call center",https://www.emploisenegal.com/offre-emploi-senegal/informaticien-yoff-1565002,EmploiSénégal,5,10,Bac+3,4,14.7167,-17.4677,"[14.7167, -17.4677]"
2026-05-08,2026-04-27,Téléconseiller En Énergie,PBS CENTER SAS,Dakar,Stage,"Bac+2, Bac+3, Bac+4 & Bac+5 et plus",Débutant < 2 ans et plus,"Communication, Marketing, Télémarketing, Vente","Centres d´appel, hotline, call center",https://www.emploisenegal.com/offre-emploi-senegal/teleconseiller-energie-dakar-1564487,EmploiSénégal,0,2,Bac+2,3,14.7167,-17.4677,"[14.7167, -17.4677]"
2026-05-08,2026-04-25,Stagiaire En Ressources Humaines,MAJOREL,Dakar,Stage,"Bac+3, Bac+4 & Bac+5 et plus",Débutant < 2 ans et plus,Formation,"Centres d´appel, hotline, call center",https://www.emploisenegal.com/offre-emploi-senegal/stagiaire-ressources-humaines-dakar-1559188,EmploiSénégal,0,2,Bac+3,4,14.7167,-17.4677,"[14.7167, -17.4677]"
2026-05-08,2026-04-17,Chargé De Clientèle Francophone,MAJOREL,Dakar,Stage,"Bac, Bac+1, Bac+2, Bac+3, Bac+4 & Bac+5 et plus","Etudiant, jeune diplômé et plus","Accompagnement, Formation, Télémarketing, Vente","Centres d´appel, hotline, call center",https://www.emploisenegal.com/offre-emploi-senegal/charge-clientele-francophone-dakar-1553473,EmploiSénégal,0,1,Bac,1,14.7167,-17.4677,"[14.7167, -17.4677]"
2026-05-08,2026-04-16,Développeur Fullstack (Marketing Digital & Ia),MON ASSISTANT PERSO,Dakar,CDD,"Bac+3, Bac+4 & Bac+5 et plus",Expérience entre 2 ans et 5 ans et plus,"Automation, Communication, Maintenance, Marketing, Marketing Digital, Production, Qualité, Tracking, Vente","Centres d´appel, hotline, call center",https://www.emploisenegal.com/offre-emploi-senegal/developpeur-fullstack-marketing-digital-ia-dakar-1558343,EmploiSénégal,2,5,Bac+3,4,14.7167,-17.4677,"[14.7167, -17.4677]"
2026-05-08,2026-04-13,Télé-Secrétaire Bilingue (Français / Anglais),KONECT-U,Dakar,CDD,"Bac+1, Bac+2, Bac+3, Bac+4 & Bac+5 et plus","Etudiant, jeune diplômé et plus","Assistanat, Dossiers, Gestion des Appels, Prise de RDV, Suivi Administratif","Centres d´appel, hotline, call center",https://www.emploisenegal.com/offre-emploi-senegal/tele-secretaire-bilingue-francais-anglais-dakar-1555155,EmploiSénégal,0,1,Bac+1,2,14.7167,-17.4677,"[14.7167, -17.4677]"
2026-05-08,2026-04-10,Chargé D’Affaires Freelance,GAFI GROUP,Étranger,Intérim,"Bac, Bac+1, Bac+2, Bac+3, Bac+4 & Bac+5 et plus",Débutant < 2 ans et plus,"Actions Commerciales, Analyse des Ventes, Audit Social, Business Development, Coaching, Customer Service, Développement Personnel, Domaine Pharmaceutique, Formation, Gestion Commerciale, Gestion D´entreprise, Gestion de la Clientèle, Gestion de la Force de Vente, Gestion des Ressources Humaines, Hospitality Management, Management, Négociation, Négociation Commerciale, Prospection, Prospection Commerciale, Prospection de Fournisseurs, Prospection Terrain, Recherche Clinique, Recrutement, Santé, Santé Publique, Vente","Centres d´appel, hotline, call center",https://www.emploisenegal.com/offre-emploi-senegal/charge-affaires-freelance-hf-senegal-1554239,EmploiSénégal,0,2,Bac,1,0.0,0.0,"[0, 0]"
2026-05-08,2026-04-08,Télévendeur En Mutuelle Santé,AHMA ASSURANCES,Dakar,CDI,"Bac, Bac+1, Bac+2, Bac+3, Bac+4 & Bac+5 et plus","Etudiant, jeune diplômé et plus",Vente,"Centres d´appel, hotline, call center",https://www.emploisenegal.com/offre-emploi-senegal/televendeur-mutuelle-sante-dakar-1552087,EmploiSénégal,0,1,Bac,1,14.7167,-17.4677,"[14.7167, -17.4677]"
2026-05-08,2026-04-07,Téléconseiller En Vente,MANGA ENERGY,Dakar,Freelance,"Bac, Bac+1, Bac+2, Bac+3, Bac+4 & Bac+5 et plus","Etudiant, jeune diplômé et plus","Communication, Marketing, Télévente, Vente","Centres d´appel, hotline, call center",https://www.emploisenegal.com/offre-emploi-senegal/teleconseiller-vente-dakar-ouest-foire-1551858,EmploiSénégal,0,1,Bac,1,14.7167,-17.4677,"[14.7167, -17.4677]"
2026-05-08,2026-04-07,Chargé De Facturation,WEBTEL,Dakar,CDD,"Bac+2, Bac+3, Bac+4 & Bac+5 et plus",Débutant < 2 ans et plus,"Comptabilité, Facturation, Finance, Gestion, Gestion de la Trésorerie, Trésorerie","Centres d´appel, hotline, call center",https://www.emploisenegal.com/offre-emploi-senegal/chargee-facturation-dakar-1551740,EmploiSénégal,0,2,Bac+2,3,14.7167,-17.4677,"[14.7167, -17.4677]"
2026-05-08,2026-04-07,Stagiaire Community Manager,WEBTEL,Dakar,CDD,Bac+3,Expérience entre 5 ans et 10 ans,"Communication, Communication Digitale, Contenu Web, E-Mailing, Marketing, Newsletters","Centres d´appel, hotline, call center",https://www.emploisenegal.com/offre-emploi-senegal/stagiaire-community-manager-hf-ouakam-948948,EmploiSénégal,5,10,Bac+3,4,14.7167,-17.4677,"[14.7167, -17.4677]"
2026-05-08,2026-04-06,Business Developer,GROUPE TALISO,Dakar,CDD,Bac,"Etudiant, jeune diplômé","Négociation, Prospection, Télémarketing, Vente","Centres d´appel, hotline, call center",https://www.emploisenegal.com/offre-emploi-senegal/business-developer-dakar-1551086,EmploiSénégal,0,1,Bac,1,14.7167,-17.4677,"[14.7167, -17.4677]"
2026-05-08,2026-04-01,Télévendeur Expérimenté,MON ASSISTANT PERSO,Dakar,CDD,"Bac, Bac+1, Bac+2, Bac+3, Bac+4 & Bac+5 et plus",Expérience entre 2 ans et 5 ans et plus,"Techniques de Vente, Télévente, Vente","Centres d´appel, hotline, call center",https://www.emploisenegal.com/offre-emploi-senegal/televendeur-experimente-hf-dakar-1547780,EmploiSénégal,2,5,Bac,1,14.7167,-17.4677,"[14.7167, -17.4677]"
2026-05-08,2026-04-01,Chargé De Clientèle Bilingue (Français-Anglais),MAJOREL,Dakar,Stage,"Bac, Bac+1, Bac+2, Bac+3, Bac+4 & Bac+5 et plus","Etudiant, jeune diplômé et plus","Télémarketing, Vente","Centres d´appel, hotline, call center",https://www.emploisenegal.com/offre-emploi-senegal/charge-clientele-bilingue-francais-anglais-dakar-1246665,EmploiSénégal,0,1,Bac,1,14.7167,-17.4677,"[14.7167, -17.4677]"
2026-05-08,2026-04-01,Chargé De Clientèle Bilingue,MAJOREL,Dakar,Stage,"Bac, Bac+1, Bac+2, Bac+3, Bac+4 & Bac+5 et plus","Etudiant, jeune diplômé et plus",Vente,"Centres d´appel, hotline, call center",https://www.emploisenegal.com/offre-emploi-senegal/charge-clientele-bilingue-dakar-1488493,EmploiSénégal,0,1,Bac,1,14.7167,-17.4677,"[14.7167, -17.4677]"
2026-05-08,2026-03-27,Commercial En Télévente,WEBTEL,Dakar,CDD,"Bac+2, Bac+3, Bac+4 & Bac+5 et plus",Débutant < 2 ans et plus,"Communication, CRM, Marketing, Télévente, Vente","Centres d´appel, hotline, call center",https://www.emploisenegal.com/offre-emploi-senegal/commercial-televente-dakar-1545651,EmploiSénégal,0,2,Bac+2,3,14.7167,-17.4677,"[14.7167, -17.4677]"
2026-05-08,2026-03-26,Téléconseiller(Ère),MILLENIUM PHONING GROUP,Dakar,Statutaire,"Qualification avant bac, Bac, Bac+1, Bac+2, Bac+3, Bac+4 & Bac+5 et plus","Etudiant, jeune diplômé et plus","Communication, CRM, Marketing, Saisie Informatique","Centres d´appel, hotline, call center",https://www.emploisenegal.com/offre-emploi-senegal/teleconseillerere-dakar-1544608,EmploiSénégal,0,1,Avant Bac,0,14.7167,-17.4677,"[14.7167, -17.4677]"
2026-05-08,2026-03-25,Superviseur Btob Expérimenté,MON ASSISTANT PERSO,Dakar,CDD,"Bac+2, Bac+3, Bac+4 & Bac+5 et plus",Expérience entre 2 ans et 5 ans et plus,"CRM, Techniques de Vente, Vente","Centres d´appel, hotline, call center",https://www.emploisenegal.com/offre-emploi-senegal/superviseur-btob-experimente-dakar-1544034,EmploiSénégal,2,5,Bac+2,3,14.7167,-17.4677,"[14.7167, -17.4677]"
2026-05-08,2026-03-20,Chargé De Clientèle Francophone,MAJOREL,Dakar,Stage,"Bac, Bac+1, Bac+2, Bac+3, Bac+4 & Bac+5 et plus","Etudiant, jeune diplômé et plus","Télémarketing, Vente","Centres d´appel, hotline, call center",https://www.emploisenegal.com/offre-emploi-senegal/charge-clientele-francophone-dakar-1246751,EmploiSénégal,0,1,Bac,1,14.7167,-17.4677,"[14.7167, -17.4677]"
2026-05-08,2026-03-20,Chargé De Clientèle Bilingue (Français-Anglais),MAJOREL,Dakar,Stage,"Bac, Bac+1, Bac+2, Bac+3, Bac+4 & Bac+5 et plus","Etudiant, jeune diplômé et plus",Vente,"Centres d´appel, hotline, call center",https://www.emploisenegal.com/offre-emploi-senegal/charge-clientele-bilingue-francais-anglais-dakar-1324438,EmploiSénégal,0,1,Bac,1,14.7167,-17.4677,"[14.7167, -17.4677]"
2026-05-08,2026-03-19,Conseiller Commercial Particuliers,MAVICOM,Dakar,CDI,"Qualification avant bac, Bac, Bac+1, Bac+2, Bac+3, Bac+4 & Bac+5 et plus","Etudiant, jeune diplômé et plus",N/A,"Centres d´appel, hotline, call center",https://www.emploisenegal.com/offre-emploi-senegal/conseiller-commercial-particuliers-dakar-1539758,EmploiSénégal,0,1,Avant Bac,0,14.7167,-17.4677,"[14.7167, -17.4677]"
2026-05-08,2026-05-07,General Manager,AFRICAWORK,Dakar,CDI,"Bac+3, Bac+4 - Bac+5 et plus",Expérience > 10 ans,Vente,"Chimie, pétrochimie, matières premières, mines",https://www.emploisenegal.com/offre-emploi-senegal/general-manager-dakar-1566130,EmploiSénégal,10,15,Bac+3,4,14.7167,-17.4677,"[14.7167, -17.4677]"
2026-05-08,2026-05-02,Responsable Administratif Et Financier,AFRICAWORK,Dakar,CDI,Bac+5 et plus,Expérience entre 5 ans et 10 ans - Expérience > 10 ans,"Gestion, Management","Chimie, pétrochimie, matières premières, mines",https://www.emploisenegal.com/offre-emploi-senegal/responsable-administratif-financier-bandia-1515281,EmploiSénégal,5,10,Bac+5,6,14.7167,-17.4677,"[14.7167, -17.4677]"
2026-05-08,2026-03-10,Formateur En Soudure,CORPOSOLUCE,Dakar,CDD,"Bac, Bac+1, Bac+2, Bac+3, Bac+4 & Bac+5 et plus",Expérience entre 5 ans et 10 ans & Expérience > 10 ans,"BTP, Formation, Machines, Maintenance, Qualité, TIG","Chimie, pétrochimie, matières premières, mines",https://www.emploisenegal.com/offre-emploi-senegal/formateur-soudure-region-dakar-1534405,EmploiSénégal,5,10,Bac,1,14.7167,-17.4677,"[14.7167, -17.4677]"
2026-05-08,2026-05-05,Community Manager,GLOBAL CONSULT,Dakar,Stage,"Bac+2, Bac+3, Bac+4 & Bac+5 et plus","Etudiant, jeune diplômé et plus",Vente,"Conseil, audit, comptabilité",https://www.emploisenegal.com/offre-emploi-senegal/community-manager-dakar-1569206,EmploiSénégal,0,1,Bac+2,3,14.7167,-17.4677,"[14.7167, -17.4677]"
2026-05-08,2026-04-10,Juriste / Avocat En Droit Des Affaires,TECTRA SÉNÉGAL,Dakar,CDI,Bac+5 et plus,Expérience entre 2 ans et 5 ans & Expérience entre 5 ans et 10 ans,Droit,"Conseil, audit, comptabilité",https://www.emploisenegal.com/offre-emploi-senegal/juriste-avocat-droit-affaires-hf-dakar-1550068,EmploiSénégal,2,5,Bac+5,6,14.7167,-17.4677,"[14.7167, -17.4677]"
2026-05-08,2026-03-18,Aide Comptable,DCEG,Dakar,Stage,Bac+2,"Etudiant, jeune diplômé & Débutant < 2 ans","Finance, Gestion, Gestion Financière","Conseil, audit, comptabilité",https://www.emploisenegal.com/offre-emploi-senegal/aide-comptable-hf-dakar-1539855,EmploiSénégal,0,2,Bac+2,3,14.7167,-17.4677,"[14.7167, -17.4677]"
2026-05-08,2026-03-16,Expert En Économie De La Production,DEVFI PERFORMANCES,Dakar,Freelance,Bac+5 et plus,Expérience > 10 ans,"États Financiers, Finance, Gestion, Investissement, Redressement, Trésorerie","Conseil, audit, comptabilité",https://www.emploisenegal.com/offre-emploi-senegal/expert-economie-production-dakar-1538557,EmploiSénégal,10,15,Bac+5,6,14.7167,-17.4677,"[14.7167, -17.4677]"
2026-05-08,2026-05-08,Technico-Commercial,TIENS DS COM,Dakar,CDI,"Bac+2, Bac+3, Bac+4 & Bac+5 et plus",Expérience entre 2 ans et 5 ans et plus,"Prospection, Suivi des Clients","Distribution, vente, commerce de gros",https://www.emploisenegal.com/offre-emploi-senegal/technico-commercial-e-dakar-1541656,EmploiSénégal,2,5,Bac+2,3,14.7167,-17.4677,"[14.7167, -17.4677]"
2026-05-08,2026-05-04,Commercial,AFRIDEV - GROUP,Dakar,Stage,Bac+2,Débutant < 2 ans,Négociation,"Distribution, vente, commerce de gros",https://www.emploisenegal.com/offre-emploi-senegal/commercial-dakar-1562260,EmploiSénégal,0,2,Bac+2,3,14.7167,-17.4677,"[14.7167, -17.4677]"
2026-05-08,2026-04-30,Vendeur(Se) En Boutique De Luxe,G2 INVEST,Dakar,CDD,"Bac+3, Bac+4 & Bac+5 et plus",Débutant < 2 ans et plus,"Analyse des Ventes, CRM, Management Commercial, Merchandising, Positionnement, Techniques de Vente, Vente","Distribution, vente, commerce de gros",https://www.emploisenegal.com/offre-emploi-senegal/vendeurse-boutique-luxe-dakar-1566687,EmploiSénégal,0,2,Bac+3,4,14.7167,-17.4677,"[14.7167, -17.4677]"
2026-05-08,2026-04-29,Technico-Commercial Soudage,YESHI GROUP,Dakar,CDI,"Bac+2, Bac+3, Bac+4 & Bac+5 et plus",Expérience entre 2 ans et 5 ans et plus,"Actions Commerciales, BTP, Construction, Négociation, Prospection, Vente","Distribution, vente, commerce de gros",https://www.emploisenegal.com/offre-emploi-senegal/technico-commercial-soudage-dakar-1560798,EmploiSénégal,2,5,Bac+2,3,14.7167,-17.4677,"[14.7167, -17.4677]"
2026-05-08,2026-04-29,"Commercial Comptes Mine, Oil Et Gaz",YESHI GROUP,Dakar,CDI,"Bac+2, Bac+3, Bac+4 - Bac+5 et plus",Expérience entre 2 ans et 5 ans et plus,"Actions Commerciales, Développement Commercial, Négociation, Techniques de Vente, Vente","Distribution, vente, commerce de gros",https://www.emploisenegal.com/offre-emploi-senegal/commercial-comptes-mine-oil-gaz-dakar-1560800,EmploiSénégal,2,5,Bac+2,3,14.7167,-17.4677,"[14.7167, -17.4677]"
2026-05-08,2026-04-27,Commercial Terrain,WEBTEL,Dakar,CDD,"Qualification avant bac, Bac, Bac+1, Bac+2, Bac+3, Bac+4 & Bac+5 et plus",Débutant < 2 ans et plus,"Communication, Fidélisation des Clients, Marketing, Négociation, Prospection, Télémarketing, Vente","Distribution, vente, commerce de gros",https://www.emploisenegal.com/offre-emploi-senegal/commercial-terrain-hf-dakar-1564347,EmploiSénégal,0,2,Avant Bac,0,14.7167,-17.4677,"[14.7167, -17.4677]"
2026-05-08,2026-04-16,Commercial,AFRIDEV - GROUP,Dakar,Stage,Bac+2 & Bac+3,"Etudiant, jeune diplômé & Débutant < 2 ans","Prospection, SAS","Distribution, vente, commerce de gros",https://www.emploisenegal.com/offre-emploi-senegal/commercial-dakar-1557445,EmploiSénégal,0,2,Bac+2,3,14.7167,-17.4677,"[14.7167, -17.4677]"
2026-05-08,2026-04-15,Offre De Stage,MANOJIA,Dakar,Stage,"Qualification avant bac, Bac, Bac+1, Bac+2 & Bac+3","Etudiant, jeune diplômé & Débutant < 2 ans","Actions Commerciales, Animation Commerciale, E-Commerce, Gestion Commerciale","Distribution, vente, commerce de gros",https://www.emploisenegal.com/offre-emploi-senegal/offre-stage-assistante-commerciale-dakar-golf-sud-1556509,EmploiSénégal,0,2,Avant Bac,0,14.7167,-17.4677,"[14.7167, -17.4677]"
2026-05-08,2026-04-09,Ingénieur Technico-Commercial,ENERGY AND SERVICES SN,Dakar,CDD,Bac+5 et plus,Expérience entre 2 ans et 5 ans et plus,"Maîtrise Technique, Négociation, Prospection, Prospection Commerciale, Techniques de Vente, Vente","Distribution, vente, commerce de gros",https://www.emploisenegal.com/offre-emploi-senegal/ingenieur-technico-commercial-hf-dakar-1553903,EmploiSénégal,2,5,Bac+5,6,14.7167,-17.4677,"[14.7167, -17.4677]"
2026-05-08,2026-03-31,Chargé Du Support Technique (Bilingue),SOLAR PANDA SENEGAL,Dakar,CDD,Bac+3,Expérience entre 2 ans et 5 ans,"Assistance, Assistance Technique, Dépannage, Formation, Support, Support Technique","Distribution, vente, commerce de gros",https://www.emploisenegal.com/offre-emploi-senegal/charge-support-technique-bilingue-dakar-1543721,EmploiSénégal,2,5,Bac+3,4,14.7167,-17.4677,"[14.7167, -17.4677]"
2026-05-08,2026-03-25,Responsable Commercial Prestation Logistique,WEBTEL,Dakar,CDI,"Bac, Bac+1, Bac+2, Bac+3, Bac+4 & Bac+5 et plus",Débutant < 2 ans et plus,"Prestation Logistique, Prospection, Transport","Distribution, vente, commerce de gros",https://www.emploisenegal.com/offre-emploi-senegal/responsable-commercial-prestation-logistique-hf-dakar-1544443,EmploiSénégal,0,2,Bac,1,14.7167,-17.4677,"[14.7167, -17.4677]"
2026-05-08,2026-03-18,Direction Opérations Et Performance Groupe,,Dakar,CDI,"Bac+3, Bac+4 & Bac+5 et plus",Expérience entre 2 ans et 5 ans et plus,"Administration RH, Business Administration, Business Unit Management, Communication de Marque, Communication Écrite, Comptabilité, Corporate Finance, Finance, Formation, Gestion, Leadership, Management, Marketing Project, Messagerie, Process Management, Redressement","Distribution, vente, commerce de gros",https://www.emploisenegal.com/offre-emploi-senegal/direction-operations-performance-groupe-dakar-1534615,EmploiSénégal,2,5,Bac+3,4,14.7167,-17.4677,"[14.7167, -17.4677]"
2026-05-08,2026-03-16,Commercial Terrain,GLOBAL TALENT LTD.,Dakar,Freelance,"Bac+3, Bac+4 & Bac+5 et plus",Expérience entre 5 ans et 10 ans & Expérience > 10 ans,"Prospection, Vente","Distribution, vente, commerce de gros",https://www.emploisenegal.com/offre-emploi-senegal/commercial-terrain-hf-dakar-1538642,EmploiSénégal,5,10,Bac+3,4,14.7167,-17.4677,"[14.7167, -17.4677]"
2026-05-08,2026-05-07,Vendeur Terrain,IMPRIMERIE CARBONE 14,Dakar,CDD,Qualification avant bac,"Etudiant, jeune diplômé","Prospection, Vente","Édition, imprimerie",https://www.emploisenegal.com/offre-emploi-senegal/vendeur-terrain-dakar-1570688,EmploiSénégal,0,1,Avant Bac,0,14.7167,-17.4677,"[14.7167, -17.4677]"
2026-05-08,2026-04-07,Responsable Informatique Et Digitalisation,LES PETITS FLAMBOYANTS,Dakar,CDD,"Bac+3, Bac+4 & Bac+5 et plus","Etudiant, jeune diplômé et plus","AZURE, MICROSOFT","Éducation, formation",https://www.emploisenegal.com/offre-emploi-senegal/responsable-informatique-digitalisation-dakar-1546690,EmploiSénégal,0,1,Bac+3,4,14.7167,-17.4677,"[14.7167, -17.4677]"
2026-05-08,2026-04-01,Professeur Bilingue,VISION TRILIGUAL SCHOOL,Dakar,CDI,"Bac+2, Bac+3, Bac+4 & Bac+5 et plus",Débutant < 2 ans et plus,"Assistanat, Enseignement, Formation, Secrétariat","Éducation, formation",https://www.emploisenegal.com/offre-emploi-senegal/professeur-bilingue-ngor-1547396,EmploiSénégal,0,2,Bac+2,3,14.7167,-17.4677,"[14.7167, -17.4677]"
2026-05-08,2026-04-01,Assitant Primaire Bilingue,VISION TRILIGUAL SCHOOL,Dakar,CDD,"Bac, Bac+1, Bac+2, Bac+3, Bac+4 & Bac+5 et plus","Etudiant, jeune diplômé et plus","Assistanat, Communication, Communication RH, Encadrement, Formation, Marketing","Éducation, formation",https://www.emploisenegal.com/offre-emploi-senegal/assitante-primaire-bilingue-ngor-1547557,EmploiSénégal,0,1,Bac,1,14.7167,-17.4677,"[14.7167, -17.4677]"
2026-05-08,2026-03-31,Professeur Particulier,KELÉTUDE,Étranger,Intérim,"Bac, Bac+1, Bac+2, Bac+3, Bac+4 & Bac+5 et plus","Etudiant, jeune diplômé et plus","Communication, Cours Particuliers, Pédagogie","Éducation, formation",https://www.emploisenegal.com/offre-emploi-senegal/professeur-particulier-toutes-villes-1546238,EmploiSénégal,0,1,Bac,1,0.0,0.0,"[0, 0]"
2026-05-08,2026-03-18,Responsable Commerciale,,Dakar,CDI,"Bac+3, Bac+4 & Bac+5 et plus",Expérience entre 2 ans et 5 ans et plus,"Commercialisation, Communication, Communication de Produit, Communication Digitale, Communication Événementielle, Communication Marketing, CRM, Développement Commercial, Gestion Commerciale, Hôtellerie, Management Commercial, Négociation, Prospection, Restauration, Santé, Tourisme, Vente","Éducation, formation",https://www.emploisenegal.com/offre-emploi-senegal/responsable-commerciale-developpement-reseau-partenariat-dakar-1534622,EmploiSénégal,2,5,Bac+3,4,14.7167,-17.4677,"[14.7167, -17.4677]"
2026-05-08,2026-03-11,Assistant Boutique Polyvalent,GLOBAL TALENT LTD.,Dakar,CDD,"Bac, Bac+1, Bac+2, Bac+3, Bac+4 & Bac+5 et plus",Débutant < 2 ans et plus,"Développement Commercial, Prospection, Prospection Commerciale, Vente","Éducation, formation",https://www.emploisenegal.com/offre-emploi-senegal/assistant-boutique-polyvalent-hf-dakar-1535153,EmploiSénégal,0,2,Bac,1,14.7167,-17.4677,"[14.7167, -17.4677]"
2026-05-08,2026-03-30,Technico-Commercial,TENEZIS,Dakar,CDI,"Bac+2, Bac+3, Bac+4 & Bac+5 et plus","Etudiant, jeune diplômé & Débutant < 2 ans","Communication, IOT, Marchés Publics, Marketing, Vente","Electricité, eau, gaz, nucléaire, énergie",https://www.emploisenegal.com/offre-emploi-senegal/technico-commercial-hf-dakar-1542911,EmploiSénégal,0,2,Bac+2,3,14.7167,-17.4677,"[14.7167, -17.4677]"
2026-05-08,2026-03-18,Sales Manager,"ZETATECH HONG KONG INVESTMENT CO., LTD",Dakar,CDD,"Bac, Bac+1, Bac+2, Bac+3, Bac+4 & Bac+5 et plus",Expérience entre 2 ans et 5 ans et plus,"Communication, Marketing, Vente","Electricité, eau, gaz, nucléaire, énergie",https://www.emploisenegal.com/offre-emploi-senegal/sales-manager-dakar-1538907,EmploiSénégal,2,5,Bac,1,14.7167,-17.4677,"[14.7167, -17.4677]"
2026-05-08,2026-04-28,Responsable Marketing Et Commercial,REGARD GLOBAL SERVICES,Dakar,CDD,"Bac, Bac+1, Bac+2, Bac+3, Bac+4 & Bac+5 et plus",Débutant < 2 ans et plus,"Actions Commerciales, Actions Marketing, Commercialisation, Communication, Marketing, Négociation, Vente","Environnement, recyclage",https://www.emploisenegal.com/offre-emploi-senegal/responsable-marketing-commercial-hf-dakar-1564839,EmploiSénégal,0,2,Bac,1,14.7167,-17.4677,"[14.7167, -17.4677]"
2026-05-08,2026-03-26,Commercial,WEBTEL,Dakar,CDI,"Bac, Bac+1, Bac+2, Bac+3, Bac+4 & Bac+5 et plus",Débutant < 2 ans et plus,"CRM, Vente","Environnement, recyclage",https://www.emploisenegal.com/offre-emploi-senegal/commerciale-services-nettoyage-industriel-hf-dakar-1544527,EmploiSénégal,0,2,Bac,1,14.7167,-17.4677,"[14.7167, -17.4677]"
2026-05-08,2026-03-18,Commerciale,DIGENTA SMART,Dakar,Stage,"Bac+2, Bac+3, Bac+4 & Bac+5 et plus",Expérience entre 2 ans et 5 ans et plus,"Actions Commerciales, Communication, Marketing, Prospection, Prospection Commerciale, Vente","Equip. électriques, électroniques, optiques, précision",https://www.emploisenegal.com/offre-emploi-senegal/commerciale-prospection-domotique-dakar-1540315,EmploiSénégal,2,5,Bac+2,3,14.7167,-17.4677,"[14.7167, -17.4677]"
2026-05-08,2026-03-18,Apporteur D’Affaires Indépendant,DIGENTA SMART,Dakar,Freelance,"Bac, Bac+1, Bac+2, Bac+3, Bac+4 & Bac+5 et plus",Débutant < 2 ans et plus,"Négociation, Vente","Equip. électriques, électroniques, optiques, précision",https://www.emploisenegal.com/offre-emploi-senegal/apporteur-affaires-independant-hf-dakar-1540291,EmploiSénégal,0,2,Bac,1,14.7167,-17.4677,"[14.7167, -17.4677]"
2026-05-08,2026-04-29,Standardiste-Acceuil,YESHI GROUP,Dakar,CDI,"Bac+2, Bac+3, Bac+4 & Bac+5 et plus",Expérience entre 2 ans et 5 ans et plus,"Actions Commerciales, Vente","Equipements mécaniques, machines",https://www.emploisenegal.com/offre-emploi-senegal/standardiste-acceuil-dakar-1560808,EmploiSénégal,2,5,Bac+2,3,14.7167,-17.4677,"[14.7167, -17.4677]"
2026-05-08,2026-03-12,Opérateur Machine,TRANSPAPS,Dakar,CDD,Bac+3,Expérience entre 2 ans et 5 ans,"Informatique Industrielle, Machines, Maintenance, Production, Qualité","Equipements mécaniques, machines",https://www.emploisenegal.com/offre-emploi-senegal/operateur-machine-diamniadio-1536876,EmploiSénégal,2,5,Bac+3,4,14.7167,-17.4677,"[14.7167, -17.4677]"
2026-05-08,2026-03-30,Scieur(Se) / Déligneur(Se),SCIES TECHNIQUES BRETAGNE,Étranger,CDI,"Qualification avant bac, Bac, Bac+1, Bac+2, Bac+3, Bac+4 & Bac+5 et plus","Etudiant, jeune diplômé et plus","Industrie, Machines, Maintenance, Menuiserie, Production, Qualité, Sciage","Espaces verts, forêts, chasse",https://www.emploisenegal.com/offre-emploi-senegal/scieurse-deligneurse-france-bretagne-1547037,EmploiSénégal,0,1,Avant Bac,0,0.0,0.0,"[0, 0]"
2026-05-08,2026-04-15,Comptable Senior,NEXGEN TALENT,Dakar,CDI,"Bac+3, Bac+4 & Bac+5 et plus",Expérience entre 5 ans et 10 ans & Expérience > 10 ans,"Comptabilité, Comptabilité Générale, États Financiers, Finance, Fiscalité, Flux Financiers, Gestion, Suivi Administratif, Suivi de la Trésorerie, Trésorerie","Hôtellerie, restauration",https://www.emploisenegal.com/offre-emploi-senegal/comptable-senior-hf-dakar-1557239,EmploiSénégal,5,10,Bac+3,4,14.7167,-17.4677,"[14.7167, -17.4677]"
2026-05-08,2026-04-13,Cuisinière,TON UNIVERS,Dakar,CDD,"Bac, Bac+1, Bac+2, Bac+3, Bac+4 & Bac+5 et plus",Expérience entre 2 ans et 5 ans et plus,Tourisme,"Hôtellerie, restauration",https://www.emploisenegal.com/offre-emploi-senegal/cuisiniere-dakar-1554982,EmploiSénégal,2,5,Bac,1,14.7167,-17.4677,"[14.7167, -17.4677]"
2026-05-08,2026-04-07,Chef Pâtissier,KANEL PATISSERIE,Dakar,CDI,"Bac+2, Bac+3, Bac+4 & Bac+5 et plus",Expérience entre 2 ans et 5 ans et plus,"Communication, Pâtisserie, Tourisme","Hôtellerie, restauration",https://www.emploisenegal.com/offre-emploi-senegal/chef-patissier-entre-sgbs-diaristo-573-sicap-baobab-1551847,EmploiSénégal,2,5,Bac+2,3,14.7167,-17.4677,"[14.7167, -17.4677]"
2026-05-08,2026-03-18,Chargé De Développement Terrain,KOMEAT,Dakar,Freelance,Bac,"Etudiant, jeune diplômé & Débutant < 2 ans","Gestion de la Force de Vente, Restauration, Tourisme, Vente","Hôtellerie, restauration",https://www.emploisenegal.com/offre-emploi-senegal/chargee-developpement-terrain-restauration-dakar-1539208,EmploiSénégal,0,2,Bac,1,14.7167,-17.4677,"[14.7167, -17.4677]"
2026-05-08,2026-05-06,Analyste Comptable Groupe,"RH SOLUTIONS ""SARL""",Dakar,CDI,"Bac+3, Bac+4 & Bac+5 et plus",Expérience entre 2 ans et 5 ans et plus,"Audit, Budgétisation, Comptabilité, Comptabilité Générale, Finance, Fiscalité, Gestion, Gestion des Coûts, IFRS, Trésorerie","Immobilier, architecture, urbanisme",https://www.emploisenegal.com/offre-emploi-senegal/analyste-comptable-groupe-dakar-1569123,EmploiSénégal,2,5,Bac+3,4,14.7167,-17.4677,"[14.7167, -17.4677]"
2026-05-08,2026-03-17,Assistante Commerciale,LES RESIDENCES KALIA,Dakar,Stage,"Bac+3, Bac+4 & Bac+5 et plus",Débutant < 2 ans et plus,"Communication, Négociation, Techniques de Vente, Vente","Immobilier, architecture, urbanisme",https://www.emploisenegal.com/offre-emploi-senegal/assistante-commerciale-dakar-1538520,EmploiSénégal,0,2,Bac+3,4,14.7167,-17.4677,"[14.7167, -17.4677]"
2026-05-08,2026-04-01,Assistante En Pharmacie,PHARMACIE THILO,Diourbel,CDD,Bac+4 & Bac+5 et plus,"Etudiant, jeune diplômé et plus","Assistanat, Dossiers, Facturation, Gestion Administrative, Gestion des Dossiers, Santé, Santé Publique, Secrétariat",Industrie pharmaceutique,https://www.emploisenegal.com/offre-emploi-senegal/assistante-pharmacie-touba-1205066,EmploiSénégal,0,1,Bac+4,5,14.65,-16.2333,"[14.65, -16.2333]"
2026-05-08,2026-05-06,Business Developer B2B,GRAVUPUB,Dakar,CDI,"Bac+3, Bac+4 & Bac+5 et plus",Expérience entre 2 ans et 5 ans & Expérience entre 5 ans et 10 ans,"CRM, Développement Commercial, Gestion de la Force de Vente, Gestion des Ventes, Négociation, Prospection, Prospection Terrain, Vente","Industrie, production, fabrication, autres",https://www.emploisenegal.com/offre-emploi-senegal/business-developer-b2b-dakar-1570854,EmploiSénégal,2,5,Bac+3,4,14.7167,-17.4677,"[14.7167, -17.4677]"
2026-05-08,2026-04-13,Commercial Terrain,ID SUARL SÉNÉGAL,Dakar,Alternance,Qualification avant bac,Débutant < 2 ans,"Communication, Marketing, Négociation, Vente","Industrie, production, fabrication, autres",https://www.emploisenegal.com/offre-emploi-senegal/commercial-terrain-dakar-1554400,EmploiSénégal,0,2,Avant Bac,0,14.7167,-17.4677,"[14.7167, -17.4677]"
2026-05-08,2026-03-30,Dessinateur Bureau Étude Industriel,SCIES TECHNIQUES BRETAGNE,Étranger,CDI,"Bac+2, Bac+3, Bac+4 & Bac+5 et plus",Expérience entre 2 ans et 5 ans et plus,"Affûtage, Fabrication, Machines, Maintenance, Maintenance de Matériel, Montage, Productivité, Produit Industriel, Qualité, Sciage, SOLIDWORKS","Industrie, production, fabrication, autres",https://www.emploisenegal.com/offre-emploi-senegal/dessinateur-bureau-etude-industriel-france-saint-aubin-cormier-1546894,EmploiSénégal,2,5,Bac+2,3,0.0,0.0,"[0, 0]"
2026-05-08,2026-03-13,Commerciale Terrain B2B,SENEGAL BUSINESS BOOSTERS,Dakar,CDD,"Bac+3, Bac+4 & Bac+5 et plus",Expérience entre 2 ans et 5 ans et plus,"Actions Commerciales, Négociation, Prospection, Prospection Commerciale, Vente","Industrie, production, fabrication, autres",https://www.emploisenegal.com/offre-emploi-senegal/commerciale-terrain-b2b-dakar-1489750,EmploiSénégal,2,5,Bac+3,4,14.7167,-17.4677,"[14.7167, -17.4677]"
2026-05-08,2026-03-12,Agent Contrôle Qualité,TRANSPAPS,Dakar,CDD,"Bac+3, Bac+4 & Bac+5 et plus",Expérience entre 2 ans et 5 ans et plus,"Hygiène, Maintenance, Management de la Qualité, Qualité","Industrie, production, fabrication, autres",https://www.emploisenegal.com/offre-emploi-senegal/agent-controle-qualite-dakar-1536900,EmploiSénégal,2,5,Bac+3,4,14.7167,-17.4677,"[14.7167, -17.4677]"
2026-05-08,2026-05-04,Développeur Web (Wordpress / Html / Css),MAGGYFAST SARL,Dakar,Temps partiel,"Bac+1, Bac+2, Bac+3, Bac+4 & Bac+5 et plus",Expérience entre 2 ans et 5 ans et plus,"CSS, HTML, WORDPRESS","Informatique, SSII, Internet",https://www.emploisenegal.com/offre-emploi-senegal/developpeur-web-wordpress-html-css-dakar-1555156,EmploiSénégal,2,5,Bac+1,2,14.7167,-17.4677,"[14.7167, -17.4677]"
2026-05-08,2026-04-27,Travail À Distance,VOICE DATA AI,Étranger,CDD,"Qualification avant bac, Bac, Bac+1, Bac+2, Bac+3, Bac+4 & Bac+5 et plus","Etudiant, jeune diplômé et plus",N/A,"Informatique, SSII, Internet",https://www.emploisenegal.com/offre-emploi-senegal/travail-distance-enregistrements-audio-sans-experience-international-1564291,EmploiSénégal,0,1,Avant Bac,0,0.0,0.0,"[0, 0]"
2026-05-08,2026-04-20,Technico-Commercial Terrain Junior F/H,SHYNEA,Dakar,CDD,"Qualification avant bac, Bac, Bac+1, Bac+2 & Bac+3","Etudiant, jeune diplômé & Débutant < 2 ans",Vente,"Informatique, SSII, Internet",https://www.emploisenegal.com/offre-emploi-senegal/technico-commercial-terrain-junior-fh-dakar-1559696,EmploiSénégal,0,2,Avant Bac,0,14.7167,-17.4677,"[14.7167, -17.4677]"
2026-05-08,2026-04-20,Développeur Fullstack,FABEXS,Étranger,Freelance,Bac+5 et plus,Expérience entre 5 ans et 10 ans & Expérience > 10 ans,"API, DJANGO, GITLAB, PYTHON, REACT","Informatique, SSII, Internet",https://www.emploisenegal.com/offre-emploi-senegal/developpeur-fullstack-remote-1560129,EmploiSénégal,5,10,Bac+5,6,0.0,0.0,"[0, 0]"
2026-05-08,2026-04-15,Sales Development Representative (Sdr),PALMA TALENTS,Étranger,CDD,"Bac+3, Bac+4 & Bac+5 et plus",Expérience entre 2 ans et 5 ans et plus,"Communication, Marketing, Vente","Informatique, SSII, Internet",https://www.emploisenegal.com/offre-emploi-senegal/sales-development-representative-sdr-teletravail-1556601,EmploiSénégal,2,5,Bac+3,4,0.0,0.0,"[0, 0]"
2026-05-08,2026-04-13,Angular Developer,AFRICASHORE,Dakar,CDI,Bac+3,Expérience entre 5 ans et 10 ans,"BOOTSTRAP, CSS3, CVS, GIT, JAVASCRIPT, JQUERY, LESS, MVC, MYSQL, REST","Informatique, SSII, Internet",https://www.emploisenegal.com/offre-emploi-senegal/angular-developer-mf-1085931,EmploiSénégal,5,10,Bac+3,4,14.7167,-17.4677,"[14.7167, -17.4677]"
2026-05-08,2026-04-13,Devops Engineer,AFRICASHORE,Dakar,CDI,Bac+3,Expérience entre 5 ans et 10 ans,"AGILE, APACHE, ARTIFACTORY, AZURE, CVS, DOCKER, DYNATRACE, ECLIPSE, GIT, GITLAB, GROOVY, JAVA, JAVASCRIPT, JBOSS, JENKINS, JIRA, LESS, LINUX, ORACLE, POSTGIS, POSTGRESQL, PYTHON, SCRUM, SHELL, SONARQUBE, WEBLOGIC","Informatique, SSII, Internet",https://www.emploisenegal.com/offre-emploi-senegal/devops-engineer-mf-1085932,EmploiSénégal,5,10,Bac+3,4,14.7167,-17.4677,"[14.7167, -17.4677]"
2026-05-08,2026-04-13,Dotnet Developer,AFRICASHORE,Dakar,CDI,Bac+3,Expérience entre 5 ans et 10 ans,"API, ASP, C#, CSS, CVS, DOTNET, FRONT END, HTML, HTTP, LINUX, MVC, MYSQL, NET, QUERY, REST, SOAP, SQL","Informatique, SSII, Internet",https://www.emploisenegal.com/offre-emploi-senegal/dotnet-developer-mf-1085933,EmploiSénégal,5,10,Bac+3,4,14.7167,-17.4677,"[14.7167, -17.4677]"
2026-05-08,2026-04-13,Ios Developer,AFRICASHORE,Dakar,CDI,Bac+3,Expérience entre 5 ans et 10 ans,"AGILE, APP, COCOA, CVS, FOUNDATION, GIT, SWIFT, TMS","Informatique, SSII, Internet",https://www.emploisenegal.com/offre-emploi-senegal/ios-developer-mf-1085934,EmploiSénégal,5,10,Bac+3,4,14.7167,-17.4677,"[14.7167, -17.4677]"
2026-05-08,2026-04-13,Java Developer,AFRICASHORE,Dakar,CDI,Bac+3,Expérience entre 5 ans et 10 ans,"AGILE, API, BOOTSTRAP, CONFLUENCE, CVS, GIT, GRAILS, GROOVY, GWT, HIBERNATE, HTML, JAVA, JAVASCRIPT, JENKINS, JIRA, JQUERY, JSF, MYSQL, ORACLE, REDIS, SPRING, STRUTS","Informatique, SSII, Internet",https://www.emploisenegal.com/offre-emploi-senegal/java-developer-mf-1085935,EmploiSénégal,5,10,Bac+3,4,14.7167,-17.4677,"[14.7167, -17.4677]"
2026-05-08,2026-04-13,Java Jee Developer,AFRICASHORE,Dakar,CDI,Bac+3,Expérience entre 5 ans et 10 ans,"AGILE, ANGULAR JS, AZURE, BIG DATA, CASSANDRA, COUCHBASE, CSS, CVS, DOCKER, GIT, HADOOP, HIBERNATE, HTML, J2EE, JAVA, JAVA JEE, JAVASCRIPT, JBOSS, JENKINS, MAVEN, MVC, MYSQL, NOSQL, ORACLE, REDIS, REST, SOAP, SPARK, SPRING, SQL, STRUTS, WEBLOGIC","Informatique, SSII, Internet",https://www.emploisenegal.com/offre-emploi-senegal/java-jee-developer-mf-1085936,EmploiSénégal,5,10,Bac+3,4,14.7167,-17.4677,"[14.7167, -17.4677]"
2026-05-08,2026-04-13,Javascript Developer,AFRICASHORE,Dakar,CDI,Bac+3,Expérience entre 5 ans et 10 ans,"ANGULAR JS, API, BACKBONE JS, CSS, CVS, DOJO, HTML, JAVASCRIPT, JENKINS, JQUERY, MONGODB, ORACLE","Informatique, SSII, Internet",https://www.emploisenegal.com/offre-emploi-senegal/javascript-developer-mf-1085937,EmploiSénégal,5,10,Bac+3,4,14.7167,-17.4677,"[14.7167, -17.4677]"
2026-05-08,2026-04-13,Kotlin Developer,AFRICASHORE,Dakar,CDI,Bac+3,Expérience entre 5 ans et 10 ans,"AGILE, ANDROID, API, APP, AZURE, CVS, DNS, DOCKER, GIT, JAVA, JENKINS, LOAD BALANCING, MAC, MAVEN, MVVM, OPENSTACK, PAAS, SDK, TCP IP, TDD, UDP, XML","Informatique, SSII, Internet",https://www.emploisenegal.com/offre-emploi-senegal/kotlin-developer-mf-1085938,EmploiSénégal,5,10,Bac+3,4,14.7167,-17.4677,"[14.7167, -17.4677]"
2026-05-08,2026-04-13,Laravel Developer,AFRICASHORE,Dakar,CDI,Bac+3,Expérience entre 5 ans et 10 ans,"AJAX, CODEIGNITER, CSS, CVS, GIT, HTML, JAVASCRIPT, JQUERY, LARAVEL, MARIADB, MVC, MYSQL, NOSQL, QUERY, SOAP, SQL, TFS","Informatique, SSII, Internet",https://www.emploisenegal.com/offre-emploi-senegal/laravel-developer-mf-1085939,EmploiSénégal,5,10,Bac+3,4,14.7167,-17.4677,"[14.7167, -17.4677]"
2026-05-08,2026-04-13,Node.Js Developer,AFRICASHORE,Dakar,CDI,Bac+3,Expérience entre 5 ans et 10 ans,"BOOTSTRAP, CSS3, CVS, DOCKER, GIT, JAVASCRIPT, JIRA, JQUERY, JSON, LESS, MONGODB, MVC, MYSQL, NODE JS, NOSQL, POSTGRESQL, REACT, REDIS, REST, SQL, XML","Informatique, SSII, Internet",https://www.emploisenegal.com/offre-emploi-senegal/nodejs-developer-mf-1085940,EmploiSénégal,5,10,Bac+3,4,14.7167,-17.4677,"[14.7167, -17.4677]"
2026-05-08,2026-04-13,Objective-C Developer,AFRICASHORE,Dakar,CDI,Bac+3,Expérience entre 5 ans et 10 ans,"ANDROID, APP, COCOA, CSS, CVS, EDGE, GIT, HTML, JAVASCRIPT, JQUERY, JSON, LINUX, MAC, MERCURIAL, OSX, REST, SWIFT, XML","Informatique, SSII, Internet",https://www.emploisenegal.com/offre-emploi-senegal/objective-c-developer-mf-1085941,EmploiSénégal,5,10,Bac+3,4,14.7167,-17.4677,"[14.7167, -17.4677]"
2026-05-08,2026-04-13,Php Developer,AFRICASHORE,Dakar,CDI,Bac+3,Expérience entre 5 ans et 10 ans,"AJAX, API, CODEIGNITER, CSS3, CVS, GIT, JAVASCRIPT, LARAVEL, MAGENTO, MERCURIAL, MONGODB, MVC, MYSQL, NOSQL, ORACLE, SQL, SYMFONY, XML, ZEND","Informatique, SSII, Internet",https://www.emploisenegal.com/offre-emploi-senegal/php-developer-mf-1085942,EmploiSénégal,5,10,Bac+3,4,14.7167,-17.4677,"[14.7167, -17.4677]"
2026-05-08,2026-04-13,Python Developer,AFRICASHORE,Dakar,CDI,Bac+3,Expérience entre 5 ans et 10 ans,"AGILE, API, CSS, CVS, DJANGO, HTML, PYTHON, SCRUM, SQL, TORNADO","Informatique, SSII, Internet",https://www.emploisenegal.com/offre-emploi-senegal/python-developer-mf-1085943,EmploiSénégal,5,10,Bac+3,4,14.7167,-17.4677,"[14.7167, -17.4677]"
2026-05-08,2026-04-13,Qa Tester,AFRICASHORE,Dakar,CDI,Bac+3,Expérience entre 5 ans et 10 ans,"AGILE, API, APP, CVS, JAVA, MAVEN, MYSQL, SCRUM, SELENIUM, SQL","Informatique, SSII, Internet",https://www.emploisenegal.com/offre-emploi-senegal/qa-tester-mf-1085944,EmploiSénégal,5,10,Bac+3,4,14.7167,-17.4677,"[14.7167, -17.4677]"
2026-05-08,2026-04-13,React Developer,AFRICASHORE,Dakar,CDI,Bac+3,Expérience entre 5 ans et 10 ans,"BOOTSTRAP, CSS, CVS, GIT, JAVA, JAVASCRIPT, JQUERY, LESS, REACT","Informatique, SSII, Internet",https://www.emploisenegal.com/offre-emploi-senegal/react-developer-mf-1085945,EmploiSénégal,5,10,Bac+3,4,14.7167,-17.4677,"[14.7167, -17.4677]"
2026-05-08,2026-04-13,Ruby On Rails Developer,AFRICASHORE,Dakar,CDI,Bac+3,Expérience entre 5 ans et 10 ans,"AGILE, CSS, CVS, DOCKER, GIT, HTML, JAVASCRIPT, JIRA, JQUERY, MONGODB, MYSQL, POSTGRESQL, RUBY ON RAILS","Informatique, SSII, Internet",https://www.emploisenegal.com/offre-emploi-senegal/ruby-on-rails-developer-mf-1085946,EmploiSénégal,5,10,Bac+3,4,14.7167,-17.4677,"[14.7167, -17.4677]"
2026-05-08,2026-04-13,Swift Developer,AFRICASHORE,Dakar,CDI,Bac+3,Expérience entre 5 ans et 10 ans,"AGILE, CVS, GIT, MERCURIAL, REST, SCRUM, SWIFT","Informatique, SSII, Internet",https://www.emploisenegal.com/offre-emploi-senegal/swift-developer-mf-1085947,EmploiSénégal,5,10,Bac+3,4,14.7167,-17.4677,"[14.7167, -17.4677]"
2026-05-08,2026-04-13,Test And Validation Engineer,AFRICASHORE,Dakar,CDI,Bac+3,Expérience entre 5 ans et 10 ans,"CVS, RHEL, SUSE","Informatique, SSII, Internet",https://www.emploisenegal.com/offre-emploi-senegal/test-validation-engineer-mf-1085948,EmploiSénégal,5,10,Bac+3,4,14.7167,-17.4677,"[14.7167, -17.4677]"
2026-05-08,2026-04-13,Test Automation Engineer,AFRICASHORE,Dakar,CDI,Bac+3,Expérience entre 5 ans et 10 ans,"API, CVS, GIT, GITLAB, JAVASCRIPT, JENKINS, LINUX, MATRIX, MYSQL, ORACLE, PYTHON, SHELL, SQL","Informatique, SSII, Internet",https://www.emploisenegal.com/offre-emploi-senegal/test-automation-engineer-mf-1085949,EmploiSénégal,5,10,Bac+3,4,14.7167,-17.4677,"[14.7167, -17.4677]"
2026-05-08,2026-04-13,Ux / Ui Designer,AFRICASHORE,Dakar,CDI,Bac+3,Expérience entre 5 ans et 10 ans,"AJAX, BOOTSTRAP, CSS, CVS, GIT, HTML, ILLUSTRATOR, JAVASCRIPT, PHOTOSHOP","Informatique, SSII, Internet",https://www.emploisenegal.com/offre-emploi-senegal/ux-ui-designer-mf-1085950,EmploiSénégal,5,10,Bac+3,4,14.7167,-17.4677,"[14.7167, -17.4677]"
2026-05-08,2026-04-13,Aws Cloud Architect,AFRICASHORE,Dakar,CDI,Bac+3,Expérience entre 5 ans et 10 ans,"AGILE, ALM, BASH, CVS, DNS, DOCKER, HTTP, IOT, JENKINS, LOAD BALANCING, PUPPET, PYTHON, REACT, SCRUM, SSL","Informatique, SSII, Internet",https://www.emploisenegal.com/offre-emploi-senegal/aws-cloud-architect-mf-1085951,EmploiSénégal,5,10,Bac+3,4,14.7167,-17.4677,"[14.7167, -17.4677]"
2026-05-08,2026-04-13,Aws Solutions Architect,AFRICASHORE,Dakar,CDI,Bac+3,Expérience entre 5 ans et 10 ans,"API, BIG DATA, CENTOS, CVS, DMS, DNS, DOCKER, HADOOP, HTTP, LINUX, RDS, SPARK, TALEND","Informatique, SSII, Internet",https://www.emploisenegal.com/offre-emploi-senegal/aws-solutions-architect-mf-1085952,EmploiSénégal,5,10,Bac+3,4,14.7167,-17.4677,"[14.7167, -17.4677]"
2026-05-08,2026-04-13,Azure Solutions Architect,AFRICASHORE,Dakar,CDI,Bac+3,Expérience entre 5 ans et 10 ans,"ACCESS, AGILE, ARM, AZURE, COSMOS, CVS, PAAS, REDIS, SHELL, SQL","Informatique, SSII, Internet",https://www.emploisenegal.com/offre-emploi-senegal/azure-solutions-architect-mf-1085953,EmploiSénégal,5,10,Bac+3,4,14.7167,-17.4677,"[14.7167, -17.4677]"
2026-05-08,2026-04-13,Cloud Architect,AFRICASHORE,Dakar,CDI,Bac+3,Expérience entre 5 ans et 10 ans,"AGILE, API, ARM, AZURE, C#, COSMOS, CVS, LESS, NOSQL, PAAS, SQL, VM","Informatique, SSII, Internet",https://www.emploisenegal.com/offre-emploi-senegal/cloud-architect-mf-1085954,EmploiSénégal,5,10,Bac+3,4,14.7167,-17.4677,"[14.7167, -17.4677]"
2026-05-08,2026-04-13,Cloud Computing And Virtualization Engineer,AFRICASHORE,Dakar,CDI,Bac+3,Expérience entre 5 ans et 10 ans,"AZURE, CVS, DOCKER, LINUX","Informatique, SSII, Internet",https://www.emploisenegal.com/offre-emploi-senegal/cloud-computing-virtualization-engineer-mf-1085955,EmploiSénégal,5,10,Bac+3,4,14.7167,-17.4677,"[14.7167, -17.4677]"
2026-05-08,2026-04-13,Cloud Engineer,AFRICASHORE,Dakar,CDI,Bac+3,Expérience entre 5 ans et 10 ans,"API, ARM, BGP, CVS, IAM, PUPPET, PYTHON, RDS, REST","Informatique, SSII, Internet",https://www.emploisenegal.com/offre-emploi-senegal/cloud-engineer-mf-1085956,EmploiSénégal,5,10,Bac+3,4,14.7167,-17.4677,"[14.7167, -17.4677]"
2026-05-08,2026-04-13,Cloud Microservices Architect,AFRICASHORE,Dakar,CDI,Bac+3,Expérience entre 5 ans et 10 ans,"ACCESS, AGILE, AZURE, CVS, DOCKER","Informatique, SSII, Internet",https://www.emploisenegal.com/offre-emploi-senegal/cloud-microservices-architect-mf-1085957,EmploiSénégal,5,10,Bac+3,4,14.7167,-17.4677,"[14.7167, -17.4677]"
2026-05-08,2026-04-13,Cloud System Administrator,AFRICASHORE,Dakar,CDI,Bac+3,Expérience entre 5 ans et 10 ans,"AZURE, CENTOS, CVS, DOCKER, LINUX, PERL, PREMISE, PYTHON, REDHAT, VPN, WAN","Informatique, SSII, Internet",https://www.emploisenegal.com/offre-emploi-senegal/cloud-system-administrator-mf-1085958,EmploiSénégal,5,10,Bac+3,4,14.7167,-17.4677,"[14.7167, -17.4677]"
2026-05-08,2026-04-13,Cloud System Integrator,AFRICASHORE,Dakar,CDI,Bac+3,Expérience entre 5 ans et 10 ans,"AGILE, CVS","Informatique, SSII, Internet",https://www.emploisenegal.com/offre-emploi-senegal/cloud-system-integrator-mf-1085959,EmploiSénégal,5,10,Bac+3,4,14.7167,-17.4677,"[14.7167, -17.4677]"
2026-05-08,2026-04-13,Cyber Security Engineer,AFRICASHORE,Dakar,CDI,Bac+3,Expérience entre 5 ans et 10 ans,"CVS, ENDPOINT, IDEAL, JAVASCRIPT, PYTHON, VM","Informatique, SSII, Internet",https://www.emploisenegal.com/offre-emploi-senegal/cyber-security-engineer-mf-1085960,EmploiSénégal,5,10,Bac+3,4,14.7167,-17.4677,"[14.7167, -17.4677]"
2026-05-08,2026-04-13,Datastage Architect,AFRICASHORE,Dakar,CDI,Bac+3,Expérience entre 5 ans et 10 ans,"AZURE, CVS, DATASTAGE, INFORMATICA, J2EE, JAVA, MONGODB, ORACLE, SQL, TALEND","Informatique, SSII, Internet",https://www.emploisenegal.com/offre-emploi-senegal/datastage-architect-mf-1085961,EmploiSénégal,5,10,Bac+3,4,14.7167,-17.4677,"[14.7167, -17.4677]"
2026-05-08,2026-04-13,Genesys Architect,AFRICASHORE,Dakar,CDI,Bac+3,Expérience entre 5 ans et 10 ans,"BASH, CVS, GENESYS, JAVA, JAVASCRIPT, PAAS, POWERSHELL, PYTHON, VMWARE","Informatique, SSII, Internet",https://www.emploisenegal.com/offre-emploi-senegal/genesys-architect-mf-1085962,EmploiSénégal,5,10,Bac+3,4,14.7167,-17.4677,"[14.7167, -17.4677]"
2026-05-08,2026-04-13,Network Architect,AFRICASHORE,Dakar,CDI,Bac+3,Expérience entre 5 ans et 10 ans,"BGP, CISCO, CVS, DHCP, DNS, ETHERNET, JUNIPER, MPLS, PYTHON, SNMP, TCP IP, WAN","Informatique, SSII, Internet",https://www.emploisenegal.com/offre-emploi-senegal/network-architect-mf-1085963,EmploiSénégal,5,10,Bac+3,4,14.7167,-17.4677,"[14.7167, -17.4677]"
2026-05-08,2026-04-13,Dba Ims/Db2 Z/Os,AFRICASHORE,Dakar,CDI,Bac+3,Expérience entre 5 ans et 10 ans,"ASSEMBLEUR, COBOL, DB2, FORTRAN, ISPF, JCL, SAS, SDSF, TCP IP, TSO, TWS, VSAM","Informatique, SSII, Internet",https://www.emploisenegal.com/offre-emploi-senegal/dba-imsdb2-zoshf-1085964,EmploiSénégal,5,10,Bac+3,4,14.7167,-17.4677,"[14.7167, -17.4677]"
2026-05-08,2026-04-13,Z/Os System Engineer Senior Storage,AFRICASHORE,Dakar,CDI,Bac+3,Expérience entre 5 ans et 10 ans,"CICS, DB2, IBM, JCL, MVS, TSO, VSAM, ZOS","Informatique, SSII, Internet",https://www.emploisenegal.com/offre-emploi-senegal/zos-system-engineer-senior-storagehf-1085965,EmploiSénégal,5,10,Bac+3,4,14.7167,-17.4677,"[14.7167, -17.4677]"
2026-05-08,2026-04-13,Ingénieur Système Z/Os Middleware,AFRICASHORE,Dakar,CDI,Bac+3,Expérience entre 5 ans et 10 ans,"ASSEMBLEUR, COBOL, JAVA, LDAP, NETVIEW, TCP IP, TWS, VTAM","Informatique, SSII, Internet",https://www.emploisenegal.com/offre-emploi-senegal/ingenieur-systeme-zos-middleware-hf-1085966,EmploiSénégal,5,10,Bac+3,4,14.7167,-17.4677,"[14.7167, -17.4677]"
2026-05-08,2026-04-13,Consultant Sap Abap,AFRICASHORE,Dakar,CDI,Bac+3,Expérience entre 2 ans et 5 ans,"ABAP, SAP","Informatique, SSII, Internet",https://www.emploisenegal.com/offre-emploi-senegal/consultant-sap-abap-hf-1121532,EmploiSénégal,2,5,Bac+3,4,14.7167,-17.4677,"[14.7167, -17.4677]"
2026-05-08,2026-04-13,Consultant Sap Fi-Co/Ps,AFRICASHORE,Dakar,CDI,Bac+3,Expérience entre 2 ans et 5 ans,SAP,"Informatique, SSII, Internet",https://www.emploisenegal.com/offre-emploi-senegal/consultant-sap-fi-cops-hf-1121533,EmploiSénégal,2,5,Bac+3,4,14.7167,-17.4677,"[14.7167, -17.4677]"
2026-05-08,2026-04-13,Consultant Sap Ehs,AFRICASHORE,Dakar,CDI,Bac+3,Expérience entre 2 ans et 5 ans,"REACH, SAP","Informatique, SSII, Internet",https://www.emploisenegal.com/offre-emploi-senegal/consultant-sap-ehs-hf-1121534,EmploiSénégal,2,5,Bac+3,4,14.7167,-17.4677,"[14.7167, -17.4677]"
2026-05-08,2026-04-02,Agent De Nettoyage Professionnel,ACCUEIL ABC,Dakar,CDD,"Qualification avant bac, Bac, Bac+1, Bac+2, Bac+3, Bac+4 & Bac+5 et plus",Expérience entre 2 ans et 5 ans et plus,Nettoyage,"Intérim, recrutement",https://www.emploisenegal.com/offre-emploi-senegal/agent-nettoyage-professionnel-hf-dakar-thies-ziguinchor-1549288,EmploiSénégal,2,5,Avant Bac,0,14.7167,-17.4677,"[14.7167, -17.4677]"
2026-05-08,2026-03-31,Consultant Commercial Bilingue (Fr/En),PALMA TALENTS,Étranger,CDD,"Bac+3, Bac+4 & Bac+5 et plus",Expérience entre 2 ans et 5 ans et plus,"Communication, EXCEL, Gestion, Management, Marketing","Intérim, recrutement",https://www.emploisenegal.com/offre-emploi-senegal/consultant-commercial-bilingue-fren-teletravail-1547403,EmploiSénégal,2,5,Bac+3,4,0.0,0.0,"[0, 0]"
2026-05-08,2026-05-05,Traducteur / Interprète Arabe,QUEFAIRESENEGAL,Dakar,Freelance,"Bac+2, Bac+3, Bac+4 & Bac+5 et plus",Débutant < 2 ans et plus,"Hôtellerie, Restauration, Traduction",Location,https://www.emploisenegal.com/offre-emploi-senegal/traducteur-interprete-arabe-anglais-francais-hf-dakar-1569095,EmploiSénégal,0,2,Bac+2,3,14.7167,-17.4677,"[14.7167, -17.4677]"
2026-05-08,2026-05-05,Cuisinière,NOVAZEO,Dakar,Freelance,"Qualification avant bac, Bac, Bac+1, Bac+2, Bac+3, Bac+4 & Bac+5 et plus","Etudiant, jeune diplômé et plus","Cuisine, Hôtellerie, Hygiène Alimentaire, Restauration",Location,https://www.emploisenegal.com/offre-emploi-senegal/cuisiniere-villas-privees-f-dakar-1569140,EmploiSénégal,0,1,Avant Bac,0,14.7167,-17.4677,"[14.7167, -17.4677]"
2026-05-08,2026-05-05,Agent De Sécurité,NOVAZEO,Dakar,Stage,"Qualification avant bac, Bac, Bac+1, Bac+2, Bac+3, Bac+4 & Bac+5 et plus",Débutant < 2 ans et plus,Santé,Location,https://www.emploisenegal.com/offre-emploi-senegal/agent-securite-villa-haut-gamme-hf-dakar-1569130,EmploiSénégal,0,2,Avant Bac,0,14.7167,-17.4677,"[14.7167, -17.4677]"
2026-05-08,2026-05-05,Agent D’Entretien,NOVAZEO,Dakar,Statutaire,"Qualification avant bac, Bac, Bac+1, Bac+2, Bac+3, Bac+4 & Bac+5 et plus","Etudiant, jeune diplômé et plus","Formation, Nettoyage",Location,https://www.emploisenegal.com/offre-emploi-senegal/agent-entretien-villa-dakar-1569134,EmploiSénégal,0,1,Avant Bac,0,14.7167,-17.4677,"[14.7167, -17.4677]"
2026-05-08,2026-04-01,Directeur Commercial Groupe,NOVAZEO,Dakar,CDI,"Bac+2, Bac+3, Bac+4 & Bac+5 et plus",Expérience entre 2 ans et 5 ans et plus,"CRM, Leadership, Management, Marketing, Prospection, Stratégie, Supports Marketing, Vente",Location,https://www.emploisenegal.com/offre-emploi-senegal/directeur-commercial-groupe-dakar-1540768,EmploiSénégal,2,5,Bac+2,3,14.7167,-17.4677,"[14.7167, -17.4677]"
2026-05-08,2026-04-01,Directeur Commercial Groupe,NOVAZEO,Dakar,CDI,"Bac+2, Bac+3, Bac+4 & Bac+5 et plus",Expérience entre 2 ans et 5 ans et plus,"Achats, CRM, Marketing, Médias, Prospection, Supports Marketing, Vente",Location,https://www.emploisenegal.com/offre-emploi-senegal/directeur-commercial-groupe-dakar-1540749,EmploiSénégal,2,5,Bac+2,3,14.7167,-17.4677,"[14.7167, -17.4677]"
2026-05-08,2026-03-27,Directeur Commercial Groupe,NOVAZEO,Dakar,CDI,"Bac+2, Bac+3, Bac+4 & Bac+5 et plus",Expérience entre 2 ans et 5 ans et plus,"Commercialisation, Communication, CRM, Leadership, Management, Marketing, Médias, Prospection, Stratégie, Supports Marketing, Vente",Location,https://www.emploisenegal.com/offre-emploi-senegal/directeur-commercial-groupe-dakar-1540739,EmploiSénégal,2,5,Bac+2,3,14.7167,-17.4677,"[14.7167, -17.4677]"
2026-05-08,2026-03-19,Téléprospectrice Pulse Messaging,NOVAZEO,Dakar,CDI,"Bac+2, Bac+3, Bac+4 & Bac+5 et plus",Expérience entre 2 ans et 5 ans et plus,"Communication, CRM, Hôtellerie, Marketing, Prospection, Restauration, Téléprospection, Vente",Location,https://www.emploisenegal.com/offre-emploi-senegal/teleprospectrice-pulse-messaging-prise-rendez-vous-dakar-1540733,EmploiSénégal,2,5,Bac+2,3,14.7167,-17.4677,"[14.7167, -17.4677]"
2026-05-08,2026-03-19,Motion Designer,NOVAZEO,Dakar,CDI,"Bac+2, Bac+3, Bac+4 & Bac+5 et plus",Expérience entre 2 ans et 5 ans et plus,"Design, ILLUSTRATOR, Marketing, Médias, PHOTOSHOP, PULSE",Location,https://www.emploisenegal.com/offre-emploi-senegal/motion-designer-dakar-1540729,EmploiSénégal,2,5,Bac+2,3,14.7167,-17.4677,"[14.7167, -17.4677]"
2026-05-08,2026-04-15,Vendeur(Se) En Boutique De Luxe,G2 INVEST,Dakar,CDD,"Bac+3, Bac+4 & Bac+5 et plus",Débutant < 2 ans et plus,"CRM, Merchandising, Techniques de Vente, Vente","Luxe, cosmétiques",https://www.emploisenegal.com/offre-emploi-senegal/vendeurse-boutique-luxe-dakar-1557109,EmploiSénégal,0,2,Bac+3,4,14.7167,-17.4677,"[14.7167, -17.4677]"
2026-05-08,2026-05-07,Business Developer B2B,REGIPUB,Dakar,CDI,"Bac+3, Bac+4 & Bac+5 et plus",Expérience entre 2 ans et 5 ans & Expérience entre 5 ans et 10 ans,"Développement Commercial, Gestion des Ventes, Prospection, Prospection Terrain, Vente","Marketing, communication, médias",https://www.emploisenegal.com/offre-emploi-senegal/business-developer-b2b-dakar-1570826,EmploiSénégal,2,5,Bac+3,4,14.7167,-17.4677,"[14.7167, -17.4677]"
2026-05-08,2026-05-06,Téléconseiller(Ère),MILLENIUM PHONING GROUP,Dakar,Alternance,"Qualification avant bac, Bac, Bac+1, Bac+2, Bac+3, Bac+4 & Bac+5 et plus","Etudiant, jeune diplômé et plus","Communication, CRM, Fidélisation des Clients, Marketing, Vente","Marketing, communication, médias",https://www.emploisenegal.com/offre-emploi-senegal/teleconseillerere-dakar-1570899,EmploiSénégal,0,1,Avant Bac,0,14.7167,-17.4677,"[14.7167, -17.4677]"
2026-05-08,2026-05-06,Agent De Chat En Ligne,Warben Growth Consulting LLC,Dakar,Freelance,"Qualification avant bac, Bac, Bac+1, Bac+2, Bac+3, Bac+4 - Bac+5 et plus","Etudiant, jeune diplômé et plus","Assistanat, Encadrement, Secrétariat, Télémarketing","Marketing, communication, médias",https://www.emploisenegal.com/offre-emploi-senegal/agent-chat-ligne-paris-1570230,EmploiSénégal,0,1,Avant Bac,0,14.7167,-17.4677,"[14.7167, -17.4677]"
2026-05-08,2026-05-04,Responsable Commercial,MAGGYFAST SARL,Dakar,Temps partiel,"Bac+2, Bac+3, Bac+4 & Bac+5 et plus",Expérience entre 2 ans et 5 ans et plus,"Négociation, Suivi des Clients, Vente","Marketing, communication, médias",https://www.emploisenegal.com/offre-emploi-senegal/responsable-commercial-dakar-1555158,EmploiSénégal,2,5,Bac+2,3,14.7167,-17.4677,"[14.7167, -17.4677]"
2026-05-08,2026-04-29,Community Manager,LAYEPRO CONSULTING,Dakar,CDD,"Bac+2, Bac+3, Bac+4 & Bac+5 et plus",Débutant < 2 ans et plus,"Communication, Communication Marketing, Design, Marketing, Marketing Digital, Newsletters","Marketing, communication, médias",https://www.emploisenegal.com/offre-emploi-senegal/community-manager-dakar-1565082,EmploiSénégal,0,2,Bac+2,3,14.7167,-17.4677,"[14.7167, -17.4677]"
2026-05-08,2026-04-28,Commercial Terrain,REGARD GLOBAL SERVICES,Dakar,CDD,"Bac, Bac+1, Bac+2, Bac+3, Bac+4 & Bac+5 et plus",Débutant < 2 ans et plus,"Actions Commerciales, Vente","Marketing, communication, médias",https://www.emploisenegal.com/offre-emploi-senegal/commercial-terrain-hf-dakar-1564826,EmploiSénégal,0,2,Bac,1,14.7167,-17.4677,"[14.7167, -17.4677]"
2026-05-08,2026-04-13,Responsable Marketing Digital,MAGGYFAST SARL,Dakar,Temps partiel,"Bac+2, Bac+3, Bac+4 & Bac+5 et plus",Expérience entre 2 ans et 5 ans et plus,"Marketing, Marketing Digital, Publicité","Marketing, communication, médias",https://www.emploisenegal.com/offre-emploi-senegal/responsable-marketing-digital-dakar-1555153,EmploiSénégal,2,5,Bac+2,3,14.7167,-17.4677,"[14.7167, -17.4677]"
2026-05-08,2026-04-13,Infographe / Photographe,MAGGYFAST SARL,Dakar,CDD,"Bac+1, Bac+2, Bac+3, Bac+4 & Bac+5 et plus",Expérience entre 2 ans et 5 ans et plus,"Charte Graphique, Communication, Design, Marketing","Marketing, communication, médias",https://www.emploisenegal.com/offre-emploi-senegal/infographe-photographe-hf-creation-contenus-visuels-dakar-1555148,EmploiSénégal,2,5,Bac+1,2,14.7167,-17.4677,"[14.7167, -17.4677]"
2026-05-08,2026-04-10,Téléconseiller,MILLENIUM PHONING GROUP,Dakar,Statutaire,"Qualification avant bac, Bac, Bac+1, Bac+2, Bac+3, Bac+4 & Bac+5 et plus","Etudiant, jeune diplômé et plus","CRM, Vente","Marketing, communication, médias",https://www.emploisenegal.com/offre-emploi-senegal/teleconseillere-dakar-1554226,EmploiSénégal,0,1,Avant Bac,0,14.7167,-17.4677,"[14.7167, -17.4677]"
2026-05-08,2026-04-10,Commercial De Terrain,MAGGYFAST SARL,Dakar,Stage,"Qualification avant bac, Bac, Bac+1, Bac+2, Bac+3, Bac+4 & Bac+5 et plus",Expérience entre 5 ans et 10 ans & Expérience > 10 ans,N/A,"Marketing, communication, médias",https://www.emploisenegal.com/offre-emploi-senegal/commercial-terrain-dakar-1554414,EmploiSénégal,5,10,Avant Bac,0,14.7167,-17.4677,"[14.7167, -17.4677]"
2026-05-08,2026-04-01,Capitaine Admin Group,SOS-EXPAT.COM,Étranger,Freelance,"Qualification avant bac, Bac, Bac+1, Bac+2, Bac+3, Bac+4 & Bac+5 et plus","Etudiant, jeune diplômé et plus","Communication, Community Management, Facebook Ads, Marketing, Négociation, Prospection, Prospection Marketing, Vente","Marketing, communication, médias",https://www.emploisenegal.com/offre-emploi-senegal/capitaine-admin-group-international-1532160,EmploiSénégal,0,1,Avant Bac,0,0.0,0.0,"[0, 0]"
2026-05-08,2026-03-31,Journaliste / Rédacteur,QUEFAIRESENEGAL,Dakar,CDD,"Bac+2, Bac+3, Bac+4 & Bac+5 et plus",Expérience entre 2 ans et 5 ans et plus,"Animation, Communication, Community Management, Formation, Journalisme, Location, Marketing, Marketing Digital, Rédaction, Rédaction Journalistique, SEO","Marketing, communication, médias",https://www.emploisenegal.com/offre-emploi-senegal/journaliste-redacteur-reporter-charge-partenariats-hf-dakar-1545845,EmploiSénégal,2,5,Bac+2,3,14.7167,-17.4677,"[14.7167, -17.4677]"
2026-05-08,2026-03-31,Journaliste / Rédacteur,TOWNPULSE,Dakar,CDD,"Bac+2, Bac+3, Bac+4 & Bac+5 et plus",Débutant < 2 ans et plus,"Animation, Communication, Community Management, Formation, Journalisme, Location, Marketing, Marketing Digital, Médias, Rédaction, Rédaction Journalistique, SEO","Marketing, communication, médias",https://www.emploisenegal.com/offre-emploi-senegal/journaliste-redacteur-reporter-charge-partenariats-hf-dakar-1545305,EmploiSénégal,0,2,Bac+2,3,14.7167,-17.4677,"[14.7167, -17.4677]"
2026-05-08,2026-03-24,Téléconseiller,MILLENIUM PHONING GROUP,Dakar,Statutaire,"Qualification avant bac, Bac, Bac+1, Bac+2, Bac+3, Bac+4 & Bac+5 et plus","Etudiant, jeune diplômé et plus","Appels Sortants, CRM, Gestion des Appels, Télémarketing, Vente","Marketing, communication, médias",https://www.emploisenegal.com/offre-emploi-senegal/teleconseillere-dakar-yoff-1540988,EmploiSénégal,0,1,Avant Bac,0,14.7167,-17.4677,"[14.7167, -17.4677]"
2026-05-08,2026-03-17,Graphiste,RIDWAN GROUP,Dakar,Stage,"Bac, Bac+1, Bac+2, Bac+3, Bac+4 & Bac+5 et plus","Etudiant, jeune diplômé et plus","Communication, Communication Digitale, Communication Marketing, Design, Graphisme, Marketing, Marketing Audiovisuel, Supports Marketing","Marketing, communication, médias",https://www.emploisenegal.com/offre-emploi-senegal/graphiste-production-audiovisuelle-dakar-1537439,EmploiSénégal,0,1,Bac,1,14.7167,-17.4677,"[14.7167, -17.4677]"
2026-05-08,2026-03-16,Product Designer / Ui Designer,FABEXS,Étranger,Freelance,"Qualification avant bac, Bac, Bac+1, Bac+2, Bac+3, Bac+4 & Bac+5 et plus",Expérience entre 2 ans et 5 ans et plus,"Design, Positionnement, UI","Marketing, communication, médias",https://www.emploisenegal.com/offre-emploi-senegal/product-designer-ui-designer-teletravail-1538692,EmploiSénégal,2,5,Avant Bac,0,0.0,0.0,"[0, 0]"
2026-05-08,2026-03-13,Commercial,STRUCTURE DE SANTÉ BIO MAGNÉTIQUE DE KAFFRINE,Kaffrine,CDI,Qualification avant bac,"Etudiant, jeune diplômé","Santé, Vente","Marketing, communication, médias",https://www.emploisenegal.com/offre-emploi-senegal/commercial-kaffrine-1495817,EmploiSénégal,0,1,Avant Bac,0,14.1,-15.5333,"[14.1, -15.5333]"
2026-05-08,2026-03-11,Gestionnaire Relation Client And Sav,FABEXS,Étranger,Freelance,"Qualification avant bac, Bac, Bac+1, Bac+2, Bac+3, Bac+4 & Bac+5 et plus",Expérience entre 2 ans et 5 ans et plus,N/A,"Marketing, communication, médias",https://www.emploisenegal.com/offre-emploi-senegal/gestionnaire-relation-client-sav-teletravail-1535183,EmploiSénégal,2,5,Avant Bac,0,0.0,0.0,"[0, 0]"
2026-05-08,2026-03-11,Chatter·Se Brand,FABEXS,Étranger,Freelance,"Qualification avant bac, Bac, Bac+1, Bac+2, Bac+3, Bac+4 & Bac+5 et plus",Expérience entre 2 ans et 5 ans et plus,N/A,"Marketing, communication, médias",https://www.emploisenegal.com/offre-emploi-senegal/chatterse-brand-teletravail-1535186,EmploiSénégal,2,5,Avant Bac,0,0.0,0.0,"[0, 0]"
2026-05-08,2026-04-01,Technico-Commercial,AFRICAWORK,Dakar,CDI,"Bac+2, Bac+3, Bac+4 - Bac+5 et plus",Expérience entre 5 ans et 10 ans - Expérience > 10 ans,"Commercialisation, CRM, Développement Commercial, Devis, Négociation, Prospection, Vente","Nettoyage, sécurité, surveillance",https://www.emploisenegal.com/offre-emploi-senegal/technico-commercial-hf-grand-bassam-cote-ivoire-1541995,EmploiSénégal,5,10,Bac+2,3,14.7167,-17.4677,"[14.7167, -17.4677]"
2026-05-08,2026-03-27,Buandier(Ère),KLIN EXPRESS,Dakar,CDD,"Qualification avant bac, Bac, Bac+1 & Bac+2",Expérience entre 2 ans et 5 ans,Vente,"Nettoyage, sécurité, surveillance",https://www.emploisenegal.com/offre-emploi-senegal/buandierere-dakar-1541236,EmploiSénégal,2,5,Avant Bac,0,14.7167,-17.4677,"[14.7167, -17.4677]"
2026-05-08,2026-05-05,Pré-Sélection De Profil,OMED VOYAGE LOME,Dakar,CDI,"Bac, Bac+1, Bac+2, Bac+3, Bac+4 & Bac+5 et plus",Débutant < 2 ans et plus,"Accompagnement, Communication, Hygiène, Nettoyage, Santé","Santé, pharmacie, hôpitaux, équipements médicaux",https://www.emploisenegal.com/offre-emploi-senegal/pre-selection-profil-secteur-sante-services-montreal-1569217,EmploiSénégal,0,2,Bac,1,14.7167,-17.4677,"[14.7167, -17.4677]"
2026-05-08,2026-04-13,Agent Commercial,CERAGEM,Dakar,CDD,"Bac+1, Bac+2, Bac+3, Bac+4 & Bac+5 et plus","Etudiant, jeune diplômé et plus","Suivi Commercial, Vente","Santé, pharmacie, hôpitaux, équipements médicaux",https://www.emploisenegal.com/offre-emploi-senegal/agent-commercial-dakar-1555740,EmploiSénégal,0,1,Bac+1,2,14.7167,-17.4677,"[14.7167, -17.4677]"
2026-05-08,2026-03-17,Délégué Médical,LIPS,Kédougou,CDD,"Bac+2, Bac+3, Bac+4 & Bac+5 et plus",Expérience entre 2 ans et 5 ans et plus,"Communication, Marketing, Vente","Santé, pharmacie, hôpitaux, équipements médicaux",https://www.emploisenegal.com/offre-emploi-senegal/delegue-medical-kolda-kedougou-1539054,EmploiSénégal,2,5,Bac+2,3,12.55,-12.1833,"[12.55, -12.1833]"
2026-05-08,2026-03-12,Assistant Vétérinaire,CLINIQUE VÉTÉRINAIRE LE SOLEIL,Dakar,CDD,Bac+3,Expérience entre 2 ans et 5 ans,"Assistanat, Secrétariat","Santé, pharmacie, hôpitaux, équipements médicaux",https://www.emploisenegal.com/offre-emploi-senegal/assistant-veterinaire-dakar-plateau-1497056,EmploiSénégal,2,5,Bac+3,4,14.7167,-17.4677,"[14.7167, -17.4677]"
2026-05-08,2026-03-10,Commercial Technicien Biomédical Spécialisé En Ophtalmologie,"BAWERS CO., LTD.",Dakar,CDD,"Bac+3, Bac+4 & Bac+5 et plus",Expérience entre 2 ans et 5 ans et plus,"Amélioration Continue, Maintenance, Production, Qualité, Réparation","Santé, pharmacie, hôpitaux, équipements médicaux",https://www.emploisenegal.com/offre-emploi-senegal/commercial-technicien-biomedical-specialise-ophtalmologie-dakar-1534467,EmploiSénégal,2,5,Bac+3,4,14.7167,-17.4677,"[14.7167, -17.4677]"
2026-05-08,2026-03-16,Chargé De Marketing Support Et Développement,ENTREPRISE GASCHET,Étranger,CDI,"Bac+3, Bac+4 & Bac+5 et plus",Débutant < 2 ans et plus,"Actions Marketing, Brochures, Communication, Communication Digitale, Création Graphique, Marketing, Marketing Digital, Newsletters, Positionnement, SEA, SEO, Stratégie de Communication, Télémarketing",Secrétariat,https://www.emploisenegal.com/offre-emploi-senegal/chargee-marketing-support-developpement-teletravail-1440319,EmploiSénégal,0,2,Bac+3,4,0.0,0.0,"[0, 0]"
2026-05-08,2026-04-01,Chargé De Dossiers,ENTREPRISE GASCHET,Dakar,CDI,"Bac+3, Bac+4 & Bac+5 et plus",Expérience entre 2 ans et 5 ans et plus,"Accompagnement, Assistanat, Dossiers, Gestion Administrative, Gestion des Dossiers, Rédaction, Secrétariat",Services autres,https://www.emploisenegal.com/offre-emploi-senegal/chargee-dossiers-teletravail-1545056,EmploiSénégal,2,5,Bac+3,4,14.7167,-17.4677,"[14.7167, -17.4677]"
2026-05-08,2026-03-27,Assistant Comptable,VISION PLUS VOYAGE,Dakar,CDD,"Bac+3, Bac+4 & Bac+5 et plus",Débutant < 2 ans et plus,"Comptabilité, Comptabilité Générale, Droit des Sociétés, Écritures Comptables, Finance, Gestion",Services autres,https://www.emploisenegal.com/offre-emploi-senegal/assistant-comptable-hf-dakar-1545793,EmploiSénégal,0,2,Bac+3,4,14.7167,-17.4677,"[14.7167, -17.4677]"
2026-05-08,2026-03-26,Chargé De Comptabilité Et Ressources Humaines,ENTREPRISE GASCHET,Dakar,CDI,Bac+5 et plus,Expérience entre 2 ans et 5 ans et plus,"Comptabilité, Comptabilité Générale, Écritures Comptables, Facturation, Finance, Gestion, Gestion de la Paie, Gestion des Factures, Recouvrement, Trésorerie",Services autres,https://www.emploisenegal.com/offre-emploi-senegal/chargee-comptabilite-ressources-humaines-teletravail-1545054,EmploiSénégal,2,5,Bac+5,6,14.7167,-17.4677,"[14.7167, -17.4677]"
2026-05-08,2026-03-24,Agent Opérateur / Agent De Guichet,VFS SENEGAL,Dakar,CDD,"Bac, Bac+1, Bac+2, Bac+3, Bac+4 & Bac+5 et plus",Débutant < 2 ans & Expérience entre 2 ans et 5 ans,"Communication, Marketing, Vente",Services autres,https://www.emploisenegal.com/offre-emploi-senegal/agent-operateur-agent-guichet-dakar-1540923,EmploiSénégal,0,2,Bac,1,14.7167,-17.4677,"[14.7167, -17.4677]"
2026-05-08,2026-03-16,Commercial B2B,GROUPE ARC,Dakar,CDD,Bac+4 & Bac+5 et plus,Expérience entre 2 ans et 5 ans et plus,"CRM, Négociation, Prospection, Stratégie Commerciale, Techniques de Vente, Vente",Services autres,https://www.emploisenegal.com/offre-emploi-senegal/commercial-b2b-dakar-1538616,EmploiSénégal,2,5,Bac+4,5,14.7167,-17.4677,"[14.7167, -17.4677]"
2026-05-08,2026-04-21,– Stagiaire En Comptabilite,,Dakar,Stage,"Bac+1, Bac+2, Bac+3 & Bac+4","Etudiant, jeune diplômé et plus","Comptabilité, Écritures Comptables, États Financiers, Finance, Gestion, Gestion Financière","Sport, action culturelle et sociale",https://www.emploisenegal.com/offre-emploi-senegal/stagiaire-comptabilite-dakar-1555116,EmploiSénégal,0,1,Bac+1,2,14.7167,-17.4677,"[14.7167, -17.4677]"
2026-05-08,2026-05-01,Développeur Mobile,TECTRA SÉNÉGAL,Dakar,Intérim,Bac+4 & Bac+5 et plus,Expérience entre 2 ans et 5 ans & Expérience entre 5 ans et 10 ans,"ANDROID, API, APP, JAVASCRIPT, MICROSOFT, ORACLE, REACT, REST, SOAP, SQL",Télécom,https://www.emploisenegal.com/offre-emploi-senegal/developpeur-mobile-hf-dakar-1562733,EmploiSénégal,2,5,Bac+4,5,14.7167,-17.4677,"[14.7167, -17.4677]"
2026-05-08,2026-03-27,Stagiaire Bureau D’Études,SAFIBRE,Dakar,Stage,"Bac+3, Bac+4 & Bac+5 et plus",Expérience entre 2 ans et 5 ans et plus,"AUTOCAD, Maintenance, Production, Qualité",Télécom,https://www.emploisenegal.com/offre-emploi-senegal/stagiaire-bureau-etudes-avenue-bourguiba-dakar-senegal-1364947,EmploiSénégal,2,5,Bac+3,4,14.7167,-17.4677,"[14.7167, -17.4677]"
2026-05-08,2026-03-24,Ingénieur Activation Et Supervision,SAFIBRE,Dakar,CDI,Bac+5 et plus,Expérience entre 5 ans et 10 ans & Expérience > 10 ans,"BGP, CISCO, ETHERNET, MPLS, PYTHON, RAD",Télécom,https://www.emploisenegal.com/offre-emploi-senegal/ingenieur-activation-supervision-dakar-1542224,EmploiSénégal,5,10,Bac+5,6,14.7167,-17.4677,"[14.7167, -17.4677]"
2026-05-08,2026-03-19,People Operations Specialist (Chargé Rh),MYRIAD,Dakar,CDI,Bac+4 & Bac+5 et plus,Expérience entre 2 ans et 5 ans et plus,"Fonction RH, Formation, Gestion de la Paie, Mobilité, Mobilité Interne, Organisation RH, Processus RH, Recrutement, Team Building",Télécom,https://www.emploisenegal.com/offre-emploi-senegal/people-operations-specialist-charge-rh-dakar-1540781,EmploiSénégal,2,5,Bac+4,5,14.7167,-17.4677,"[14.7167, -17.4677]"
2026-05-08,2026-05-06,Agent Ticketing Amadeus Et Ndc,Travelspot,Dakar,CDI,"Bac+2, Bac+3, Bac+4 & Bac+5 et plus",Expérience entre 2 ans et 5 ans et plus,"AMADEUS, Gestion de la Facturation, Hôtellerie, Restauration, Tourisme","Tourisme, loisirs",https://www.emploisenegal.com/offre-emploi-senegal/agent-ticketing-amadeus-ndc-dakar-1569335,EmploiSénégal,2,5,Bac+2,3,14.7167,-17.4677,"[14.7167, -17.4677]"
2026-05-08,2026-04-28,Business Developer Freelance,ENJÖY,Dakar,Freelance,"Bac+3, Bac+4 & Bac+5 et plus",Débutant < 2 ans et plus,"Commercialisation, Communication, Marketing","Tourisme, loisirs",https://www.emploisenegal.com/offre-emploi-senegal/business-developer-freelance-dakar-1564495,EmploiSénégal,0,2,Bac+3,4,14.7167,-17.4677,"[14.7167, -17.4677]"
2026-05-08,2026-03-31,Commercial,QUEFAIRESENEGAL,Thiès,CDI,"Bac+2, Bac+3, Bac+4 & Bac+5 et plus",Débutant < 2 ans et plus,"Communication, CRM, Gestion des Ventes, Négociation, Prospection, Téléprospection, Vente","Tourisme, loisirs",https://www.emploisenegal.com/offre-emploi-senegal/commerciale-referencement-marketplace-touristique-saly-1547012,EmploiSénégal,0,2,Bac+2,3,14.7833,-16.9167,"[14.7833, -16.9167]"
2026-05-08,2026-05-05,Emballeur,CHEERFUL TRANSPORT,Étranger,CDI,"Qualification avant bac, Bac, Bac+1, Bac+2, Bac+3, Bac+4 & Bac+5 et plus","Etudiant, jeune diplômé et plus",N/A,"Transports, logistique, services postaux",https://www.emploisenegal.com/offre-emploi-senegal/emballeur-hf-international-1569179,EmploiSénégal,0,1,Avant Bac,0,0.0,0.0,"[0, 0]"
2026-05-08,2026-05-05,Agent D´Entretien Ménager,CHEERFUL TRANSPORT,Étranger,CDI,"Qualification avant bac, Bac, Bac+1, Bac+2, Bac+3, Bac+4 & Bac+5 et plus","Etudiant, jeune diplômé et plus",Transport,"Transports, logistique, services postaux",https://www.emploisenegal.com/offre-emploi-senegal/agente-entretien-menager-international-1569050,EmploiSénégal,0,1,Avant Bac,0,0.0,0.0,"[0, 0]"
2026-05-08,2026-05-05,Chauffeur / Livreur,CHEERFUL TRANSPORT,Étranger,CDI,"Qualification avant bac, Bac, Bac+1, Bac+2, Bac+3, Bac+4 & Bac+5 et plus","Etudiant, jeune diplômé et plus",Chargement,"Transports, logistique, services postaux",https://www.emploisenegal.com/offre-emploi-senegal/chauffeur-livreur-international-1566537,EmploiSénégal,0,1,Avant Bac,0,0.0,0.0,"[0, 0]"
2026-05-08,2026-04-30,Stagiaire Assistant Marketing Digital Et Commercial,SENTRUCK,Dakar,Stage,"Qualification avant bac, Bac, Bac+1, Bac+2, Bac+3 & Bac+4","Etudiant, jeune diplômé & Débutant < 2 ans","Communication, Digital Communication, ILLUSTRATOR, Marketing, Marketing Digital, Organisation Marketing, Prospection, Social Media Optimization, Vente","Transports, logistique, services postaux",https://www.emploisenegal.com/offre-emploi-senegal/stagiaire-assistante-marketing-digital-commercial-pikine-1565491,EmploiSénégal,0,2,Avant Bac,0,14.7167,-17.4677,"[14.7167, -17.4677]"
2026-05-08,2026-04-03,Chauffeur Vtc,MBS,Dakar,CDD,"Qualification avant bac, Bac, Bac+1, Bac+2, Bac+3, Bac+4 & Bac+5 et plus","Etudiant, jeune diplômé et plus",Transport,"Transports, logistique, services postaux",https://www.emploisenegal.com/offre-emploi-senegal/chauffeur-vtc-dakar-1550119,EmploiSénégal,0,1,Avant Bac,0,14.7167,-17.4677,"[14.7167, -17.4677]"
2026-05-08,2026-03-26,Chargé Étude De Prix / Chef De Projet,VAS INTERNATIONAL CONSULTING,Dakar,CDI,Bac+4 & Bac+5 et plus,Expérience entre 5 ans et 10 ans,"Devis, Négociation, Négociation Commerciale, Projet Logistique, Stockage, Transit, Transport, Vente","Transports, logistique, services postaux",https://www.emploisenegal.com/node/1545227,EmploiSénégal,5,10,Bac+4,5,14.7167,-17.4677,"[14.7167, -17.4677]"
